index,icao_id,min,max,nb_ex,nb,ratio,nb_ex_p,nb_p,ratio_p,modif_cap_due_traffic_diff
0,EGLL,2014-09-12 06:30:00,2014-09-12 19:00:00,6.0,1428.0,0.0041841004184100415,4.0,476.0,0.008333333333333333,0.9916666666666667
1,LFPG,2014-09-12 06:30:00,2014-09-12 11:30:00,118.0,1423.0,0.07657365347177157,4.0,441.0,0.008988764044943821,0.9910112359550561
2,EDDF,2014-09-12 07:00:00,2014-09-12 18:30:00,97.0,1418.0,0.06402640264026403,81.0,467.0,0.1478102189781022,0.8521897810218978
3,EHAM,2014-09-12 06:00:00,2014-09-12 19:00:00,70.0,1344.0,0.04950495049504951,61.0,458.0,0.11753371868978806,0.882466281310212
4,LTBA,2014-09-12 03:30:00,2014-09-12 17:30:00,65.0,1268.0,0.04876219054763691,53.0,338.0,0.13554987212276215,0.8644501278772379
5,EDDM,2014-09-12 05:30:00,2014-09-12 19:30:00,64.0,1154.0,0.052545155993431854,57.0,463.0,0.10961538461538461,0.8903846153846153
6,LIRF,2014-09-12 06:00:00,2014-09-12 19:00:00,7.0,1044.0,0.006660323501427212,4.0,390.0,0.01015228426395939,0.9898477157360406
7,LEMD,2014-09-12 08:00:00,2014-09-12 19:30:00,56.0,1017.0,0.0521901211556384,46.0,360.0,0.11330049261083744,0.8866995073891626
8,EGKK,2014-09-12 06:00:00,2014-09-12 18:30:00,3.0,908.0,0.003293084522502744,2.0,289.0,0.006872852233676976,0.993127147766323
9,LEBL,2014-09-12 07:00:00,2014-09-12 19:00:00,35.0,905.0,0.03723404255319149,24.0,314.0,0.07100591715976332,0.9289940828402367
10,EKCH,2014-09-12 05:00:00,2014-09-12 18:30:00,46.0,804.0,0.05411764705882353,33.0,277.0,0.1064516129032258,0.8935483870967742
11,LFPO,2014-09-12 05:30:00,2014-09-12 18:00:00,5.0,793.0,0.006265664160401002,3.0,298.0,0.009966777408637873,0.9900332225913622
12,ENGM,2014-09-12 05:30:00,2014-09-12 17:00:00,65.0,775.0,0.07738095238095238,51.0,278.0,0.15501519756838905,0.8449848024316109
13,LTAI,2014-09-12 03:00:00,2014-09-12 12:00:00,8.0,750.0,0.010554089709762533,7.0,234.0,0.029045643153526972,0.970954356846473
14,LOWW,2014-09-12 06:30:00,2014-09-12 18:00:00,54.0,746.0,0.0675,48.0,260.0,0.15584415584415584,0.8441558441558441
15,LSZH,2014-09-12 05:00:00,2014-09-12 15:00:00,113.0,745.0,0.1317016317016317,102.0,261.0,0.2809917355371901,0.71900826446281
16,ESSA,2014-09-12 05:00:00,2014-09-12 18:00:00,42.0,723.0,0.054901960784313725,28.0,241.0,0.10408921933085502,0.895910780669145
17,EBBR,2014-09-12 06:30:00,2014-09-12 18:30:00,73.0,721.0,0.09193954659949623,51.0,285.0,0.15178571428571427,0.8482142857142857
18,EDDL,2014-09-12 06:30:00,2014-09-12 18:00:00,34.0,682.0,0.04748603351955307,32.0,239.0,0.11808118081180811,0.8819188191881919
19,LEPA,2014-09-12 06:00:00,2014-09-12 19:00:00,38.0,663.0,0.05420827389443652,37.0,234.0,0.13653136531365315,0.8634686346863468
20,EGCC,2014-09-12 05:00:00,2014-09-12 18:30:00,17.0,607.0,0.027243589743589744,16.0,225.0,0.06639004149377593,0.9336099585062241
21,EDDT,2014-09-12 05:30:00,2014-09-12 18:30:00,8.0,598.0,0.013201320132013201,8.0,186.0,0.041237113402061855,0.9587628865979382
22,EIDW,2014-09-12 05:30:00,2014-09-12 17:00:00,46.0,552.0,0.07692307692307693,38.0,193.0,0.1645021645021645,0.8354978354978355
23,LTFJ,2014-09-12 04:00:00,2014-09-12 20:30:00,44.0,529.0,0.07678883071553229,40.0,194.0,0.17094017094017094,0.8290598290598291
24,EFHK,2014-09-12 04:30:00,2014-09-12 20:30:00,47.0,520.0,0.08289241622574955,43.0,201.0,0.1762295081967213,0.8237704918032787
25,LIMC,2014-09-12 08:00:00,2014-09-12 19:00:00,44.0,506.0,0.08,33.0,156.0,0.1746031746031746,0.8253968253968254
26,LPPT,2014-09-12 07:00:00,2014-09-12 19:30:00,25.0,487.0,0.048828125,22.0,158.0,0.12222222222222222,0.8777777777777778
27,EGSS,2014-09-12 06:00:00,2014-09-12 22:30:00,40.0,464.0,0.07936507936507936,37.0,136.0,0.2138728323699422,0.7861271676300579
28,LGAV,2014-09-12 04:00:00,2014-09-12 15:00:00,59.0,463.0,0.11302681992337164,47.0,159.0,0.22815533980582525,0.7718446601941747
29,EDDH,2014-09-12 04:30:00,2014-09-12 17:00:00,37.0,454.0,0.07535641547861507,37.0,143.0,0.20555555555555555,0.7944444444444444
30,LSGG,2014-09-12 08:00:00,2014-09-12 17:00:00,125.0,427.0,0.22644927536231885,106.0,171.0,0.38267148014440433,0.6173285198555957
31,EPWA,2014-09-12 04:00:00,2014-09-12 20:30:00,59.0,425.0,0.12190082644628099,59.0,156.0,0.2744186046511628,0.7255813953488373
32,LKPR,2014-09-12 08:30:00,2014-09-12 19:00:00,41.0,412.0,0.09050772626931568,32.0,153.0,0.17297297297297298,0.827027027027027
33,LFMN,2014-09-12 08:30:00,2014-09-12 19:00:00,126.0,357.0,0.2608695652173913,117.0,157.0,0.42700729927007297,0.572992700729927
34,LFLL,2014-09-12 05:30:00,2014-09-12 18:00:00,30.0,352.0,0.07853403141361257,19.0,182.0,0.0945273631840796,0.9054726368159204
35,LEMG,2014-09-12 08:00:00,2014-09-12 21:30:00,29.0,350.0,0.07651715039577836,28.0,149.0,0.15819209039548024,0.8418079096045198
36,EGPH,2014-09-12 07:00:00,2014-09-12 17:30:00,28.0,341.0,0.07588075880758807,21.0,111.0,0.1590909090909091,0.8409090909090909
37,EDDS,2014-09-12 04:00:00,2014-09-12 18:00:00,77.0,340.0,0.18465227817745802,75.0,138.0,0.352112676056338,0.647887323943662
38,UUEE,2014-09-12 01:00:00,2014-09-12 15:30:00,82.0,337.0,0.1957040572792363,58.0,115.0,0.3352601156069364,0.6647398843930635
39,EDDK,2014-09-12 08:00:00,2014-09-12 19:30:00,148.0,322.0,0.3148936170212766,91.0,100.0,0.47643979057591623,0.5235602094240838
40,EGBB,2014-09-12 06:00:00,2014-09-12 19:00:00,19.0,315.0,0.05688622754491018,15.0,94.0,0.13761467889908258,0.8623853211009175
41,LROP,2014-09-12 03:00:00,2014-09-12 17:00:00,33.0,285.0,0.10377358490566038,32.0,103.0,0.23703703703703705,0.762962962962963
43,EGPF,2014-09-12 06:00:00,2014-09-12 17:00:00,18.0,268.0,0.06293706293706294,16.0,68.0,0.19047619047619047,0.8095238095238095
44,LFBO,2014-09-12 05:00:00,2014-09-12 18:00:00,54.0,268.0,0.16770186335403728,47.0,105.0,0.3092105263157895,0.6907894736842105
45,EGGW,2014-09-12 05:30:00,2014-09-12 19:00:00,92.0,258.0,0.26285714285714284,85.0,92.0,0.480225988700565,0.519774011299435
46,LTAC,2014-09-12 05:30:00,2014-09-12 20:30:00,31.0,255.0,0.10839160839160839,31.0,59.0,0.34444444444444444,0.6555555555555556
47,LHBP,2014-09-12 04:00:00,2014-09-12 19:00:00,39.0,254.0,0.13310580204778158,38.0,99.0,0.2773722627737226,0.7226277372262774
48,LIPZ,2014-09-12 07:00:00,2014-09-12 18:30:00,28.0,252.0,0.1,24.0,87.0,0.21621621621621623,0.7837837837837838
50,LFML,2014-09-12 06:30:00,2014-09-12 18:00:00,60.0,249.0,0.1941747572815534,45.0,97.0,0.31690140845070425,0.6830985915492958
51,LTBJ,2014-09-12 04:00:00,2014-09-12 19:00:00,18.0,242.0,0.06923076923076923,13.0,73.0,0.1511627906976744,0.8488372093023255
52,LEAL,2014-09-12 08:00:00,2014-09-12 21:00:00,9.0,237.0,0.036585365853658534,8.0,86.0,0.0851063829787234,0.9148936170212766
53,EGLC,2014-09-12 06:00:00,2014-09-12 18:30:00,18.0,235.0,0.07114624505928854,18.0,111.0,0.13953488372093023,0.8604651162790697
54,LGIR,2014-09-12 06:30:00,2014-09-12 19:00:00,19.0,232.0,0.07569721115537849,18.0,98.0,0.15517241379310345,0.8448275862068966
55,UUDD,2014-09-12 01:00:00,2014-09-12 15:00:00,120.0,229.0,0.3438395415472779,87.0,78.0,0.5272727272727272,0.4727272727272727
56,LEIB,2014-09-12 06:00:00,2014-09-12 21:00:00,44.0,229.0,0.16117216117216118,41.0,87.0,0.3203125,0.6796875
58,UKBB,2014-09-12 05:00:00,2014-09-12 16:30:00,16.0,208.0,0.07142857142857142,13.0,93.0,0.12264150943396226,0.8773584905660378
60,GCTS,2014-09-12 09:30:00,2014-09-12 19:30:00,7.0,207.0,0.03271028037383177,4.0,78.0,0.04878048780487805,0.9512195121951219
61,LLBG,2014-09-12 01:30:00,2014-09-12 13:30:00,67.0,205.0,0.24632352941176472,38.0,81.0,0.31932773109243695,0.680672268907563
62,GCLP,2014-09-12 10:30:00,2014-09-12 15:00:00,32.0,201.0,0.13733905579399142,15.0,17.0,0.46875,0.53125
63,OMDB,2014-09-12 03:00:00,2014-09-12 20:30:00,87.0,199.0,0.3041958041958042,62.0,61.0,0.5040650406504065,0.4959349593495935
64,LICC,2014-09-12 06:30:00,2014-09-12 16:00:00,24.0,197.0,0.1085972850678733,21.0,54.0,0.28,0.72
65,LIME,2014-09-12 04:30:00,2014-09-12 21:30:00,38.0,196.0,0.1623931623931624,31.0,84.0,0.26956521739130435,0.7304347826086957
66,LPPR,2014-09-12 06:30:00,2014-09-12 18:00:00,21.0,193.0,0.09813084112149532,13.0,69.0,0.15853658536585366,0.8414634146341463
67,ESGG,2014-09-12 04:30:00,2014-09-12 16:30:00,15.0,192.0,0.07246376811594203,12.0,85.0,0.12371134020618557,0.8762886597938144
68,LYBE,2014-09-12 04:30:00,2014-09-12 20:30:00,22.0,191.0,0.10328638497652583,22.0,62.0,0.2619047619047619,0.7380952380952381
69,EGGD,2014-09-12 05:00:00,2014-09-12 19:30:00,14.0,191.0,0.06829268292682927,14.0,77.0,0.15384615384615385,0.8461538461538461
70,EVRA,2014-09-12 05:30:00,2014-09-12 19:30:00,22.0,190.0,0.10377358490566038,22.0,97.0,0.18487394957983194,0.8151260504201681
72,LIRN,2014-09-12 09:00:00,2014-09-12 20:30:00,42.0,186.0,0.18421052631578946,40.0,74.0,0.3508771929824561,0.6491228070175439
73,EDDV,2014-09-12 08:00:00,2014-09-12 20:00:00,32.0,186.0,0.14678899082568808,31.0,56.0,0.3563218390804598,0.6436781609195402
76,KJFK,2014-09-12 01:30:00,2014-09-12 19:30:00,61.0,179.0,0.25416666666666665,36.0,38.0,0.4864864864864865,0.5135135135135135
77,LTBS,2014-09-12 10:00:00,2014-09-12 20:30:00,17.0,178.0,0.08717948717948718,16.0,56.0,0.2222222222222222,0.7777777777777778
78,EDDB,2014-09-12 08:00:00,2014-09-12 20:30:00,40.0,174.0,0.18691588785046728,31.0,74.0,0.29523809523809524,0.7047619047619048
79,LFBD,2014-09-12 06:00:00,2014-09-12 18:30:00,32.0,169.0,0.15920398009950248,31.0,52.0,0.37349397590361444,0.6265060240963856
80,EGNT,2014-09-12 05:00:00,2014-09-12 13:30:00,17.0,167.0,0.09239130434782608,13.0,27.0,0.325,0.675
82,LPFR,2014-09-12 08:00:00,2014-09-12 19:00:00,7.0,165.0,0.040697674418604654,7.0,76.0,0.08433734939759036,0.9156626506024096
83,LICJ,2014-09-12 06:00:00,2014-09-12 20:00:00,20.0,165.0,0.10810810810810811,19.0,46.0,0.2923076923076923,0.7076923076923077
84,LGTS,2014-09-12 05:30:00,2014-09-12 19:30:00,19.0,163.0,0.1043956043956044,19.0,58.0,0.24675324675324675,0.7532467532467533
85,ULLI,2014-09-12 02:00:00,2014-09-12 13:30:00,50.0,160.0,0.23809523809523808,34.0,51.0,0.4,0.6
86,EGNX,2014-09-12 05:30:00,2014-09-12 21:30:00,111.0,155.0,0.41729323308270677,75.0,52.0,0.5905511811023622,0.4094488188976378
90,LEVC,2014-09-12 05:00:00,2014-09-12 21:30:00,15.0,144.0,0.09433962264150944,15.0,52.0,0.22388059701492538,0.7761194029850746
91,LCLK,2014-09-12 09:00:00,2014-09-12 19:30:00,17.0,143.0,0.10625,15.0,54.0,0.21739130434782608,0.782608695652174
93,LTFE,2014-09-12 09:00:00,2014-09-12 18:30:00,25.0,141.0,0.15060240963855423,20.0,37.0,0.3508771929824561,0.6491228070175439
96,LTAF,2014-09-12 00:00:00,2014-09-12 19:00:00,4.0,131.0,0.02962962962962963,4.0,41.0,0.08888888888888889,0.9111111111111111
99,LMML,2014-09-12 06:30:00,2014-09-12 18:30:00,16.0,124.0,0.11428571428571428,13.0,56.0,0.18840579710144928,0.8115942028985508
100,EGAA,2014-09-12 05:00:00,2014-09-12 20:00:00,21.0,122.0,0.14685314685314685,19.0,36.0,0.34545454545454546,1.0
101,GCRR,2014-09-12 09:00:00,2014-09-12 18:30:00,7.0,122.0,0.05426356589147287,5.0,36.0,0.12195121951219512,1.0
105,EKBI,2014-09-12 05:00:00,2014-09-12 19:00:00,24.0,115.0,0.17266187050359713,20.0,34.0,0.37037037037037035,1.0
107,LBSF,2014-09-12 03:00:00,2014-09-12 16:30:00,19.0,115.0,0.1417910447761194,17.0,29.0,0.3695652173913043,1.0
110,LGRP,2014-09-12 03:30:00,2014-09-12 19:30:00,27.0,113.0,0.19285714285714287,27.0,45.0,0.375,1.0
115,GMMN,2014-09-12 06:00:00,2014-09-12 19:00:00,154.0,108.0,0.5877862595419847,91.0,56.0,0.6190476190476191,1.0
116,UUWW,2014-09-12 06:00:00,2014-09-12 16:30:00,105.0,107.0,0.49528301886792453,78.0,31.0,0.7155963302752294,1.0
117,LGSA,2014-09-12 07:30:00,2014-09-12 20:00:00,42.0,106.0,0.28378378378378377,33.0,45.0,0.4230769230769231,1.0
122,EPKK,2014-09-12 04:30:00,2014-09-12 20:30:00,26.0,100.0,0.20634920634920634,25.0,47.0,0.3472222222222222,1.0
123,KEWR,2014-09-12 00:00:00,2014-09-12 18:30:00,24.0,99.0,0.1951219512195122,14.0,29.0,0.32558139534883723,1.0
125,EGGP,2014-09-12 06:00:00,2014-09-12 22:30:00,7.0,99.0,0.0660377358490566,6.0,46.0,0.11538461538461539,1.0
127,GCFV,2014-09-12 07:00:00,2014-09-12 18:30:00,2.0,98.0,0.02,2.0,37.0,0.05128205128205128,1.0
128,LBWN,2014-09-12 05:00:00,2014-09-12 21:30:00,4.0,97.0,0.039603960396039604,4.0,37.0,0.0975609756097561,1.0
137,OMAA,2014-09-12 05:00:00,2014-09-12 22:30:00,33.0,92.0,0.264,25.0,25.0,0.5,1.0
138,EPKT,2014-09-12 04:00:00,2014-09-12 16:30:00,18.0,91.0,0.1651376146788991,15.0,39.0,0.2777777777777778,1.0
141,LGZA,2014-09-12 07:30:00,2014-09-12 17:30:00,4.0,87.0,0.04395604395604396,4.0,24.0,0.14285714285714285,1.0
142,HECA,2014-09-12 07:30:00,2014-09-12 18:30:00,47.0,86.0,0.3533834586466165,25.0,38.0,0.3968253968253968,1.0
144,OIIE,2014-09-12 01:00:00,2014-09-12 22:30:00,17.0,82.0,0.1717171717171717,14.0,21.0,0.4,1.0
145,EPWR,2014-09-12 04:30:00,2014-09-12 14:30:00,17.0,82.0,0.1717171717171717,13.0,32.0,0.28888888888888886,1.0
146,CYYZ,2014-09-12 00:30:00,2014-09-12 18:30:00,15.0,79.0,0.1595744680851064,6.0,10.0,0.375,1.0
147,KORD,2014-09-12 17:00:00,2014-09-12 20:00:00,23.0,79.0,0.22549019607843138,2.0,16.0,0.1111111111111111,1.0
152,OLBA,2014-09-12 00:00:00,2014-09-12 18:00:00,101.0,76.0,0.5706214689265536,85.0,26.0,0.7657657657657657,1.0
154,GMMX,2014-09-12 07:00:00,2014-09-12 18:00:00,27.0,72.0,0.2727272727272727,19.0,17.0,0.5277777777777778,1.0
156,UMMS,2014-09-12 02:00:00,2014-09-12 16:00:00,15.0,71.0,0.1744186046511628,11.0,33.0,0.25,1.0
157,BIKF,2014-09-12 00:30:00,2014-09-12 16:00:00,9.0,70.0,0.11392405063291139,6.0,38.0,0.13636363636363635,1.0
160,UDYZ,2014-09-12 05:30:00,2014-09-12 23:30:00,3.0,66.0,0.043478260869565216,3.0,14.0,0.17647058823529413,1.0
161,WSSS,2014-09-12 15:00:00,2014-09-12 17:00:00,0.0,65.0,0.0,0.0,12.0,0.0,1.0
162,LPMA,2014-09-12 09:00:00,2014-09-12 18:30:00,2.0,63.0,0.03076923076923077,1.0,33.0,0.029411764705882353,1.0
165,UGTB,2014-09-12 00:00:00,2014-09-12 22:30:00,23.0,61.0,0.27380952380952384,20.0,19.0,0.5128205128205128,1.0
166,LGKO,2014-09-12 07:30:00,2014-09-12 16:30:00,4.0,61.0,0.06153846153846154,3.0,30.0,0.09090909090909091,1.0
169,KIAD,2014-09-12 02:00:00,2014-09-12 19:00:00,19.0,59.0,0.24358974358974358,10.0,18.0,0.35714285714285715,1.0
170,LGSR,2014-09-12 08:30:00,2014-09-12 17:00:00,9.0,59.0,0.1323529411764706,8.0,25.0,0.24242424242424243,1.0
172,EINN,2014-09-12 05:30:00,2014-09-12 18:00:00,29.0,58.0,0.3333333333333333,25.0,22.0,0.5319148936170213,1.0
175,SBGR,2014-09-12 08:00:00,2014-09-12 20:00:00,1.0,56.0,0.017543859649122806,0.0,15.0,0.0,1.0
176,HEGN,2014-09-12 18:00:00,2014-09-12 19:30:00,47.0,56.0,0.4563106796116505,7.0,11.0,0.3888888888888889,1.0
177,VTBS,2014-09-12 02:00:00,2014-09-12 23:00:00,2.0,56.0,0.034482758620689655,2.0,14.0,0.125,1.0
179,VHHH,2014-09-12 15:00:00,2014-09-12 22:30:00,10.0,56.0,0.15151515151515152,2.0,8.0,0.2,1.0
180,LUKK,2014-09-12 07:00:00,2014-09-12 21:30:00,2.0,54.0,0.03571428571428571,2.0,16.0,0.1111111111111111,1.0
185,OJAI,2014-09-12 04:00:00,2014-09-12 15:30:00,26.0,52.0,0.3333333333333333,14.0,16.0,0.4666666666666667,1.0
187,ZBAA,2014-09-12 02:30:00,2014-09-12 21:00:00,9.0,51.0,0.15,4.0,11.0,0.26666666666666666,1.0
191,LZIB,2014-09-12 01:00:00,2014-09-12 22:30:00,24.0,50.0,0.32432432432432434,24.0,20.0,0.5454545454545454,1.0
192,ZSPD,2014-09-12 15:30:00,2014-09-12 23:00:00,12.0,49.0,0.19672131147540983,0.0,11.0,0.0,1.0
193,VIDP,2014-09-12 04:30:00,2014-09-12 19:30:00,15.0,49.0,0.234375,8.0,6.0,0.5714285714285714,1.0
195,CYUL,2014-09-12 00:30:00,2014-09-12 21:00:00,9.0,48.0,0.15789473684210525,5.0,16.0,0.23809523809523808,1.0
198,UBBB,2014-09-12 02:30:00,2014-09-12 23:30:00,19.0,47.0,0.2878787878787879,18.0,10.0,0.6428571428571429,1.0
199,RKSI,2014-09-12 01:00:00,2014-09-12 05:00:00,7.0,47.0,0.12962962962962962,2.0,12.0,0.14285714285714285,1.0
201,KATL,2014-09-12 03:00:00,2014-09-12 23:30:00,7.0,47.0,0.12962962962962962,4.0,18.0,0.18181818181818182,1.0
205,KBOS,2014-09-12 01:30:00,2014-09-12 23:30:00,4.0,44.0,0.08333333333333333,4.0,15.0,0.21052631578947367,1.0
206,LTAJ,,,6.0,44.0,0.12,0.0,0.0,,1.0
212,EDDG,2014-09-12 11:00:00,2014-09-12 15:30:00,28.0,42.0,0.4,20.0,6.0,0.7692307692307693,1.0
213,KPHL,2014-09-12 00:30:00,2014-09-12 20:00:00,13.0,42.0,0.23636363636363636,11.0,24.0,0.3142857142857143,1.0
220,LWSK,2014-09-12 02:30:00,2014-09-12 21:30:00,3.0,39.0,0.07142857142857142,2.0,23.0,0.08,1.0
221,VABB,2014-09-12 05:30:00,2014-09-12 21:00:00,13.0,39.0,0.25,11.0,14.0,0.44,1.0
223,RJAA,2014-09-12 01:30:00,2014-09-12 23:30:00,4.0,39.0,0.09302325581395349,3.0,21.0,0.125,1.0
225,EGTE,2014-09-12 01:00:00,2014-09-12 20:30:00,20.0,38.0,0.3448275862068966,19.0,23.0,0.4523809523809524,1.0
227,KLAX,2014-09-12 00:30:00,2014-09-12 23:30:00,13.0,38.0,0.2549019607843137,6.0,15.0,0.2857142857142857,1.0
229,USSS,2014-09-12 00:00:00,2014-09-12 21:00:00,9.0,36.0,0.2,8.0,12.0,0.4,1.0
231,LCPH,2014-09-12 04:30:00,2014-09-12 20:30:00,8.0,35.0,0.18604651162790697,8.0,16.0,0.3333333333333333,1.0
232,KMIA,2014-09-12 00:30:00,2014-09-12 21:00:00,5.0,35.0,0.125,5.0,17.0,0.22727272727272727,1.0
243,EFOU,2014-09-12 05:30:00,2014-09-12 18:30:00,1.0,32.0,0.030303030303030304,0.0,14.0,0.0,1.0
244,HESH,2014-09-12 18:00:00,2014-09-12 19:00:00,47.0,32.0,0.5949367088607594,8.0,7.0,0.5333333333333333,1.0
245,EGCN,2014-09-12 06:30:00,2014-09-12 20:30:00,5.0,31.0,0.1388888888888889,5.0,12.0,0.29411764705882354,1.0
247,EGMC,2014-09-12 06:00:00,2014-09-12 21:00:00,24.0,31.0,0.43636363636363634,24.0,13.0,0.6486486486486487,1.0
248,KSFO,2014-09-12 02:00:00,2014-09-12 23:00:00,1.0,30.0,0.03225806451612903,0.0,10.0,0.0,1.0
252,OKBK,2014-09-12 03:30:00,2014-09-12 22:30:00,15.0,30.0,0.3333333333333333,12.0,6.0,0.6666666666666666,1.0
255,OEJN,2014-09-12 03:30:00,2014-09-12 19:30:00,30.0,30.0,0.5,21.0,6.0,0.7777777777777778,1.0
262,SAEZ,2014-09-12 11:00:00,2014-09-12 11:00:00,0.0,29.0,0.0,0.0,2.0,0.0,1.0
267,KIAH,2014-09-12 01:00:00,2014-09-12 23:00:00,13.0,27.0,0.325,8.0,9.0,0.47058823529411764,1.0
268,RJTT,2014-09-12 02:00:00,2014-09-12 07:00:00,1.0,27.0,0.03571428571428571,0.0,4.0,0.0,1.0
269,ENEV,2014-09-12 04:30:00,2014-09-12 19:30:00,11.0,27.0,0.2894736842105263,7.0,16.0,0.30434782608695654,1.0
271,WMKK,2014-09-12 15:00:00,2014-09-12 22:00:00,0.0,27.0,0.0,0.0,9.0,0.0,1.0
280,GMAD,2014-09-12 17:00:00,2014-09-12 21:00:00,16.0,25.0,0.3902439024390244,8.0,4.0,0.6666666666666666,1.0
281,OBBI,2014-09-12 15:30:00,2014-09-12 22:30:00,14.0,25.0,0.358974358974359,3.0,7.0,0.3,1.0
282,OERK,2014-09-12 18:30:00,2014-09-12 21:30:00,13.0,25.0,0.34210526315789475,1.0,4.0,0.2,1.0
287,HKJK,2014-09-12 17:00:00,2014-09-12 20:00:00,10.0,24.0,0.29411764705882354,1.0,4.0,0.2,1.0
288,DNMM,2014-09-12 21:00:00,2014-09-12 21:00:00,21.0,24.0,0.4666666666666667,2.0,2.0,0.5,1.0
296,DTMB,2014-09-12 15:30:00,2014-09-12 23:30:00,15.0,23.0,0.39473684210526316,2.0,8.0,0.2,1.0
299,SBGL,2014-09-12 07:30:00,2014-09-12 20:00:00,1.0,22.0,0.043478260869565216,0.0,4.0,0.0,1.0
300,UWWW,2014-09-12 00:00:00,2014-09-12 20:00:00,4.0,22.0,0.15384615384615385,4.0,10.0,0.2857142857142857,1.0
305,KDTW,2014-09-12 01:30:00,2014-09-12 20:00:00,1.0,22.0,0.043478260869565216,1.0,8.0,0.1111111111111111,1.0
311,MMMX,2014-09-12 01:30:00,2014-09-12 23:30:00,0.0,21.0,0.0,0.0,9.0,0.0,1.0
312,GMMW,2014-09-12 08:30:00,2014-09-12 21:30:00,4.0,21.0,0.16,1.0,6.0,0.14285714285714285,1.0
314,ENAT,2014-09-12 09:00:00,2014-09-12 20:30:00,14.0,21.0,0.4,9.0,9.0,0.5,1.0
317,HAAB,2014-09-12 03:30:00,2014-09-12 21:00:00,4.0,21.0,0.16,4.0,10.0,0.2857142857142857,1.0
331,LPLA,2014-09-12 09:00:00,2014-09-12 20:30:00,17.0,19.0,0.4722222222222222,17.0,8.0,0.68,1.0
334,UWUU,2014-09-12 01:00:00,2014-09-12 17:30:00,2.0,18.0,0.1,1.0,7.0,0.125,1.0
335,GOOY,2014-09-12 23:30:00,2014-09-12 23:30:00,12.0,18.0,0.4,0.0,2.0,0.0,1.0
339,UAAA,2014-09-12 04:00:00,2014-09-12 23:00:00,8.0,18.0,0.3076923076923077,6.0,4.0,0.6,1.0
341,EYKA,2014-09-12 04:30:00,2014-09-12 08:30:00,5.0,17.0,0.22727272727272727,0.0,4.0,0.0,1.0
342,OOMS,2014-09-12 02:30:00,2014-09-12 22:30:00,2.0,17.0,0.10526315789473684,2.0,11.0,0.15384615384615385,1.0
343,KDFW,2014-09-12 18:30:00,2014-09-12 19:00:00,10.0,17.0,0.37037037037037035,0.0,4.0,0.0,1.0
345,LKTB,2014-09-12 08:30:00,2014-09-12 17:00:00,14.0,17.0,0.45161290322580644,11.0,6.0,0.6470588235294118,1.0
347,UWKD,2014-09-12 08:00:00,2014-09-12 23:00:00,7.0,16.0,0.30434782608695654,1.0,6.0,0.14285714285714285,1.0
348,KCLT,2014-09-12 00:00:00,2014-09-12 22:00:00,0.0,16.0,0.0,0.0,9.0,0.0,1.0
349,UNNT,2014-09-12 00:30:00,2014-09-12 00:30:00,6.0,16.0,0.2727272727272727,0.0,2.0,0.0,1.0
350,CYVR,2014-09-12 01:30:00,2014-09-12 20:30:00,0.0,16.0,0.0,0.0,4.0,0.0,1.0
353,ZGGG,2014-09-12 09:00:00,2014-09-12 09:00:00,5.0,16.0,0.23809523809523808,0.0,2.0,0.0,1.0
354,GMFO,2014-09-12 15:00:00,2014-09-12 16:00:00,4.0,16.0,0.2,0.0,4.0,0.0,1.0
358,KSEA,2014-09-12 00:30:00,2014-09-12 23:30:00,1.0,15.0,0.0625,1.0,11.0,0.08333333333333333,1.0
360,KMCO,2014-09-12 00:00:00,2014-09-12 00:00:00,0.0,15.0,0.0,0.0,2.0,0.0,1.0
364,UTTT,2014-09-12 05:00:00,2014-09-12 10:00:00,3.0,15.0,0.16666666666666666,1.0,4.0,0.2,1.0
369,DABC,2014-09-12 15:30:00,2014-09-12 17:00:00,1.0,14.0,0.06666666666666667,0.0,4.0,0.0,1.0
378,RJBB,2014-09-12 01:30:00,2014-09-12 23:30:00,1.0,13.0,0.07142857142857142,1.0,4.0,0.2,1.0
379,GMTT,,,7.0,13.0,0.35,0.0,0.0,,1.0
380,MMUN,2014-09-12 00:00:00,2014-09-12 23:30:00,1.0,13.0,0.07142857142857142,1.0,7.0,0.125,1.0
381,FNLU,2014-09-12 04:30:00,2014-09-12 04:30:00,2.0,13.0,0.13333333333333333,0.0,2.0,0.0,1.0
382,DGAA,2014-09-12 20:00:00,2014-09-12 20:00:00,8.0,13.0,0.38095238095238093,0.0,2.0,0.0,1.0
383,UTAA,,,2.0,13.0,0.13333333333333333,0.0,0.0,,1.0
389,SPIM,2014-09-12 01:00:00,2014-09-12 23:00:00,0.0,13.0,0.0,0.0,4.0,0.0,1.0
399,FMEE,,,0.0,12.0,0.0,0.0,0.0,,1.0
401,UWGG,2014-09-12 00:30:00,2014-09-12 23:30:00,3.0,12.0,0.2,3.0,8.0,0.2727272727272727,1.0
406,UACC,2014-09-12 04:00:00,2014-09-12 23:30:00,1.0,11.0,0.08333333333333333,1.0,8.0,0.1111111111111111,1.0
408,KMSP,2014-09-12 00:30:00,2014-09-12 22:30:00,0.0,11.0,0.0,0.0,8.0,0.0,1.0
409,EDRZ,,,17.0,11.0,0.6071428571428571,0.0,0.0,,1.0
410,SKBO,2014-09-12 01:30:00,2014-09-12 23:30:00,0.0,11.0,0.0,0.0,7.0,0.0,1.0
417,SCEL,2014-09-12 11:30:00,2014-09-12 15:00:00,1.0,10.0,0.09090909090909091,1.0,4.0,0.2,1.0
422,URMM,2014-09-12 01:00:00,2014-09-12 23:30:00,3.0,10.0,0.23076923076923078,3.0,10.0,0.23076923076923078,1.0
425,USCC,2014-09-12 02:00:00,2014-09-12 21:00:00,0.0,10.0,0.0,0.0,6.0,0.0,1.0
431,CYYC,2014-09-12 00:00:00,2014-09-12 21:00:00,1.0,10.0,0.09090909090909091,0.0,7.0,0.0,1.0
435,KLAS,2014-09-12 00:30:00,2014-09-12 23:00:00,0.0,10.0,0.0,0.0,6.0,0.0,1.0
442,DNAA,2014-09-12 03:30:00,2014-09-12 22:00:00,3.0,9.0,0.25,3.0,6.0,0.3333333333333333,1.0
444,OEDF,2014-09-12 13:00:00,2014-09-12 23:00:00,6.0,8.0,0.42857142857142855,0.0,5.0,0.0,1.0
448,VCBI,2014-09-12 07:00:00,2014-09-12 23:00:00,0.0,8.0,0.0,0.0,5.0,0.0,1.0
449,MDPC,2014-09-12 00:00:00,2014-09-12 23:00:00,3.0,8.0,0.2727272727272727,0.0,6.0,0.0,1.0
461,USPP,2014-09-12 01:00:00,2014-09-12 21:00:00,4.0,8.0,0.3333333333333333,3.0,6.0,0.3333333333333333,1.0
463,FIMP,2014-09-12 04:00:00,2014-09-12 16:00:00,0.0,8.0,0.0,0.0,3.0,0.0,1.0
465,VVNB,2014-09-12 01:00:00,2014-09-12 23:30:00,0.0,8.0,0.0,0.0,4.0,0.0,1.0
475,VOBL,2014-09-12 01:30:00,2014-09-12 22:30:00,2.0,7.0,0.2222222222222222,2.0,5.0,0.2857142857142857,1.0
479,SVMI,2014-09-12 00:00:00,2014-09-12 21:00:00,1.0,7.0,0.125,1.0,3.0,0.25,1.0
481,MUHA,2014-09-12 01:00:00,2014-09-12 23:30:00,2.0,7.0,0.2222222222222222,1.0,4.0,0.2,1.0
495,MDSD,2014-09-12 00:00:00,2014-09-12 22:30:00,0.0,6.0,0.0,0.0,5.0,0.0,1.0
501,FZAA,2014-09-12 18:30:00,2014-09-12 19:30:00,1.0,6.0,0.14285714285714285,0.0,2.0,0.0,1.0
503,GVAC,2014-09-12 00:00:00,2014-09-12 20:30:00,3.0,6.0,0.3333333333333333,3.0,4.0,0.42857142857142855,1.0
504,OMSJ,2014-09-12 02:00:00,2014-09-12 16:30:00,8.0,6.0,0.5714285714285714,7.0,5.0,0.5833333333333334,1.0
505,GVNP,2014-09-12 00:00:00,2014-09-12 12:30:00,1.0,6.0,0.14285714285714285,1.0,5.0,0.16666666666666666,1.0
511,HUEN,2014-09-12 00:30:00,2014-09-12 20:30:00,0.0,6.0,0.0,0.0,3.0,0.0,1.0
515,KSFB,2014-09-12 16:00:00,2014-09-12 20:00:00,0.0,6.0,0.0,0.0,4.0,0.0,1.0
516,RCTP,2014-09-12 22:00:00,2014-09-12 22:30:00,0.0,6.0,0.0,0.0,2.0,0.0,1.0
517,TFFR,2014-09-12 17:30:00,2014-09-12 19:00:00,0.0,6.0,0.0,0.0,3.0,0.0,1.0
518,ORSU,2014-09-12 00:30:00,2014-09-12 23:00:00,0.0,6.0,0.0,0.0,6.0,0.0,1.0
527,UWOO,2014-09-12 07:30:00,2014-09-12 22:00:00,1.0,6.0,0.14285714285714285,1.0,5.0,0.16666666666666666,1.0
537,TFFF,2014-09-12 18:30:00,2014-09-12 21:00:00,0.0,5.0,0.0,0.0,3.0,0.0,1.0
538,URMT,2014-09-12 00:00:00,2014-09-12 08:00:00,0.0,5.0,0.0,0.0,5.0,0.0,1.0
540,ZUUU,2014-09-12 04:00:00,2014-09-12 22:00:00,0.0,5.0,0.0,0.0,2.0,0.0,1.0
543,TBPB,2014-09-12 18:30:00,2014-09-12 18:30:00,0.0,5.0,0.0,0.0,2.0,0.0,1.0
549,FCPP,2014-09-12 10:00:00,2014-09-12 20:00:00,1.0,5.0,0.16666666666666666,0.0,3.0,0.0,1.0
552,GABS,2014-09-12 20:00:00,2014-09-12 22:30:00,5.0,5.0,0.5,0.0,3.0,0.0,1.0
554,SBFZ,2014-09-12 03:00:00,2014-09-12 21:00:00,0.0,5.0,0.0,0.0,4.0,0.0,1.0
555,DRRN,2014-09-12 14:30:00,2014-09-12 22:30:00,3.0,5.0,0.375,0.0,3.0,0.0,1.0
558,VOMM,2014-09-12 00:00:00,2014-09-12 22:00:00,0.0,5.0,0.0,0.0,4.0,0.0,1.0
565,SLVR,2014-09-12 01:00:00,2014-09-12 15:30:00,0.0,4.0,0.0,0.0,3.0,0.0,1.0
567,CYOW,2014-09-12 02:30:00,2014-09-12 19:30:00,0.0,4.0,0.0,0.0,3.0,0.0,1.0
569,SUMU,,,0.0,4.0,0.0,0.0,0.0,,1.0
571,MKJS,2014-09-12 00:30:00,2014-09-12 21:00:00,0.0,4.0,0.0,0.0,3.0,0.0,1.0
583,FKKD,2014-09-12 15:00:00,2014-09-12 15:30:00,1.0,4.0,0.2,0.0,2.0,0.0,1.0
584,FMMI,,,0.0,4.0,0.0,0.0,0.0,,1.0
587,USRR,2014-09-12 06:00:00,2014-09-12 20:00:00,0.0,4.0,0.0,0.0,3.0,0.0,1.0
592,UNOO,2014-09-12 00:00:00,2014-09-12 20:00:00,0.0,4.0,0.0,0.0,2.0,0.0,1.0
594,VRMM,2014-09-12 04:30:00,2014-09-12 18:30:00,2.0,4.0,0.3333333333333333,1.0,3.0,0.25,1.0
598,FACT,2014-09-12 07:30:00,2014-09-12 19:30:00,0.0,4.0,0.0,0.0,2.0,0.0,1.0
599,UWSS,2014-09-12 06:00:00,2014-09-12 14:00:00,0.0,4.0,0.0,0.0,3.0,0.0,1.0
623,DIAP,2014-09-12 17:30:00,2014-09-12 18:00:00,6.0,4.0,0.6,0.0,2.0,0.0,1.0
628,DBBB,2014-09-12 18:00:00,2014-09-12 21:30:00,1.0,4.0,0.2,0.0,3.0,0.0,1.0
630,VVTS,2014-09-12 02:00:00,2014-09-12 23:00:00,0.0,4.0,0.0,0.0,3.0,0.0,1.0
635,TNCC,2014-09-12 19:30:00,2014-09-12 23:30:00,0.0,4.0,0.0,0.0,2.0,0.0,1.0
639,FGSL,2014-09-12 07:00:00,2014-09-12 20:30:00,2.0,3.0,0.4,1.0,2.0,0.3333333333333333,1.0
641,OEGS,2014-09-12 01:30:00,2014-09-12 02:30:00,0.0,3.0,0.0,0.0,2.0,0.0,1.0
642,SOCA,2014-09-12 17:30:00,2014-09-12 20:00:00,1.0,3.0,0.25,0.0,2.0,0.0,1.0
643,FOOL,2014-09-12 01:00:00,2014-09-12 15:30:00,0.0,3.0,0.0,0.0,2.0,0.0,1.0
644,SBBR,2014-09-12 18:00:00,2014-09-12 22:00:00,1.0,3.0,0.25,0.0,2.0,0.0,1.0
645,OJAQ,2014-09-12 00:00:00,2014-09-12 17:00:00,0.0,3.0,0.0,0.0,3.0,0.0,1.0
655,TLPL,2014-09-12 17:30:00,2014-09-12 17:30:00,0.0,3.0,0.0,0.0,1.0,0.0,1.0
657,CYHZ,2014-09-12 02:30:00,2014-09-12 18:00:00,3.0,3.0,0.5,2.0,2.0,0.5,1.0
660,HTDA,2014-09-12 00:30:00,2014-09-12 23:30:00,0.0,3.0,0.0,0.0,2.0,0.0,1.0
661,HLLQ,2014-09-12 00:30:00,2014-09-12 19:00:00,6.0,3.0,0.6666666666666666,4.0,2.0,0.6666666666666666,1.0
662,ZWWW,2014-09-12 05:00:00,2014-09-12 14:30:00,0.0,3.0,0.0,0.0,2.0,0.0,1.0
663,KTPA,2014-09-12 20:00:00,2014-09-12 21:30:00,0.0,3.0,0.0,0.0,2.0,0.0,1.0
664,LTBY,2014-09-12 00:00:00,2014-09-12 01:00:00,0.0,3.0,0.0,0.0,2.0,0.0,1.0
667,UIII,2014-09-12 03:30:00,2014-09-12 19:30:00,0.0,3.0,0.0,0.0,2.0,0.0,1.0
668,SBSV,2014-09-12 00:30:00,2014-09-12 19:00:00,0.0,3.0,0.0,0.0,2.0,0.0,1.0
676,ULAA,2014-09-12 03:30:00,2014-09-12 05:00:00,0.0,2.0,0.0,0.0,2.0,0.0,1.0
678,TNCM,2014-09-12 15:00:00,2014-09-12 15:00:00,0.0,2.0,0.0,0.0,1.0,0.0,1.0
689,WIII,,,0.0,2.0,0.0,0.0,0.0,,1.0
694,SBCF,2014-09-12 18:00:00,2014-09-12 18:00:00,0.0,2.0,0.0,0.0,1.0,0.0,1.0
697,SMJP,2014-09-12 22:30:00,2014-09-12 22:30:00,0.0,2.0,0.0,0.0,1.0,0.0,1.0
699,ZYTX,,,0.0,2.0,0.0,0.0,0.0,,1.0
702,KSLC,2014-09-12 19:30:00,2014-09-12 19:30:00,0.0,2.0,0.0,0.0,1.0,0.0,1.0
721,FKYS,2014-09-12 22:00:00,2014-09-12 22:00:00,1.0,2.0,0.3333333333333333,0.0,1.0,0.0,1.0
722,KRDU,2014-09-12 18:30:00,2014-09-12 18:30:00,0.0,2.0,0.0,0.0,1.0,0.0,1.0
726,GQNN,,,2.0,2.0,0.5,0.0,0.0,,1.0
729,FYWH,,,0.0,2.0,0.0,0.0,0.0,,1.0
733,KPIT,2014-09-12 20:00:00,2014-09-12 20:00:00,0.0,2.0,0.0,0.0,1.0,0.0,1.0
737,KAUS,2014-09-12 21:00:00,2014-09-12 21:00:00,0.0,2.0,0.0,0.0,1.0,0.0,1.0
739,KCVG,2014-09-12 18:00:00,2014-09-12 18:00:00,7.0,2.0,0.7777777777777778,0.0,1.0,0.0,1.0
740,KPDX,2014-09-12 18:30:00,2014-09-12 18:30:00,0.0,2.0,0.0,0.0,1.0,0.0,1.0
751,DXXX,2014-09-12 18:00:00,2014-09-12 18:00:00,2.0,2.0,0.5,0.0,1.0,0.0,1.0
753,MROC,2014-09-12 20:30:00,2014-09-12 20:30:00,0.0,2.0,0.0,0.0,1.0,0.0,1.0
759,CYQB,2014-09-12 14:30:00,2014-09-12 14:30:00,0.0,2.0,0.0,0.0,1.0,0.0,1.0
782,FTTJ,,,0.0,1.0,0.0,0.0,0.0,,1.0
790,FQMA,,,0.0,1.0,0.0,0.0,0.0,,1.0
804,MMPR,,,0.0,1.0,0.0,0.0,0.0,,1.0
812,RPLL,2014-09-12 08:30:00,2014-09-12 08:30:00,1.0,1.0,0.5,0.0,1.0,0.0,1.0
821,UNTT,,,0.0,1.0,0.0,0.0,0.0,,1.0
837,KRSW,,,0.0,1.0,0.0,0.0,0.0,,1.0
