icao_id,altitude,tis,trs,taxi_time,coords,time_zone,mean_taxi_out,std_taxi_out,mean_taxi_in,std_taxi_in,MCT_standard,MCT_domestic,MCT_international,ECAC,atfm_area,nas,declared_capacity,size,better_mean_taxi_out,lat,lon
BIKF,171,0.0,0.0,10.0,b'\x00\x00\x00\x00\x01\x01\x00\x00\x00\xaeG\xe1z\x14\xfeO@\x8e6[\xb0\x05\x9b6\xc0',0.0,10.6852,3.0982,6.8891,2.9442,39.0,20.0,60.0,1.0,1.0,BI,45.0,small,10.0,63.985,-22.6055555556
CYHZ,0,0.0,0.0,0.0,b'\x00\x00\x00\x00\x01\x01\x00\x00\x00\x05\xe0\x8b%\xbfpF@BG<+\x1a\xc1O\xc0',-4.0,12.013748148148148,4.301655555555556,5.215300000000001,2.1277407407407405,45.51851851851852,34.51851851851852,61.44444444444444,0.0,0.0,C,45.0,medium,10.0,44.8808333333,-63.508611111099995
CYOW,0,0.0,0.0,0.0,b'\x00\x00\x00\x00\x01\x01\x00\x00\x00\xe1z\x14\xaeG\xa9F@1Cm\xa0\xd3\xeaR\xc0',-5.0,12.013748148148148,4.301655555555556,5.215300000000001,2.1277407407407405,45.51851851851852,34.51851851851852,61.44444444444444,0.0,0.0,C,45.0,medium,10.0,45.3225,-75.66916666670001
CYQB,0,0.0,0.0,0.0,b'\x00\x00\x00\x00\x01\x01\x00\x00\x00\xd2\xacX\xf2\x8beG@\xf8u\xfb\x83\x0c\xd9Q\xc0',-5.0,12.013748148148148,4.301655555555556,5.215300000000001,2.1277407407407405,45.51851851851852,34.51851851851852,61.44444444444444,0.0,0.0,C,45.0,medium,10.0,46.7933333333,-71.3913888889
CYUL,0,0.0,0.0,0.0,b'\x00\x00\x00\x00\x01\x01\x00\x00\x00\xae\x01\x94>\xe9\xbbF@_\xdca\xearoR\xc0',-5.0,12.013748148148148,4.301655555555556,5.215300000000001,2.1277407407407405,52.0,30.0,60.0,0.0,0.0,C,45.0,medium,20.0,45.4680555556,-73.7413888889
CYVR,0,0.0,0.0,0.0,b'\x00\x00\x00\x00\x01\x01\x00\x00\x00\x10q\xe2Y\xd1\x98H@\x1f(\x12\xf0\xcd\xcb^\xc0',-8.0,12.013748148148148,4.301655555555556,5.215300000000001,2.1277407407407405,78.0,57.0,85.0,0.0,0.0,C,45.0,medium,10.0,49.193888888900005,-123.1844444444
CYYC,0,0.0,0.0,0.0,b'\x00\x00\x00\x00\x01\x01\x00\x00\x00\x05\x9a>\xe9\x93\x8eI@$\x1f*;L\x81\\\xc0',-7.0,12.013748148148148,4.301655555555556,5.215300000000001,2.1277407407407405,45.51851851851852,34.51851851851852,61.44444444444444,0.0,0.0,C,45.0,medium,10.0,51.1138888889,-114.0202777778
CYYZ,0,0.0,0.0,0.0,b'\x00\x00\x00\x00\x01\x01\x00\x00\x00\x9a<\xc07\xaf\xd6E@=g\xb0\x05[\xe8S\xc0',-5.0,12.013748148148148,4.301655555555556,5.215300000000001,2.1277407407407405,79.0,52.0,88.0,0.0,0.0,C,45.0,medium,20.0,43.6772222222,-79.6305555556
DABC,0,10.0,5.0,6.0,b'\x00\x00\x00\x00\x01\x01\x00\x00\x00\x9a\xf6r\xfb\x83$B@\xd4\xff\xa0\xd3\x06z\x1a@',1.0,12.013748148148148,4.301655555555556,5.215300000000001,2.1277407407407405,45.51851851851852,34.51851851851852,61.44444444444444,0.0,1.0,DA,45.0,medium,6.0,36.285277777800005,6.6191666667
DBBB,0,0.0,0.0,0.0,b'\x00\x00\x00\x00\x01\x01\x00\x00\x00\xe0\xeey5\xf1l\x19@\xdd\xeb\x0f\x11\x11\x11\x03@',1.0,12.013748148148148,4.301655555555556,5.215300000000001,2.1277407407407405,45.51851851851852,34.51851851851852,61.44444444444444,0.0,0.0,DG,45.0,medium,10.0,6.3563888889,2.3833333333
DGAA,0,0.0,0.0,0.0,b'\x00\x00\x00\x00\x01\x01\x00\x00\x00ffffff\x16@\x00\x00\x00\x00\x00\x00\xf0\xbf',0.0,12.013748148148148,4.301655555555556,5.215300000000001,2.1277407407407405,45.51851851851852,34.51851851851852,61.44444444444444,0.0,0.0,DG,45.0,medium,10.0,5.6,-1.0
DIAP,0,10.0,5.0,10.0,b'\x00\x00\x00\x00\x01\x01\x00\x00\x007c\x9d\x15\x8d\x04\x15@\x87\x03\x87\xa9\xcbm\x0f\xc0',0.0,12.013748148148148,4.301655555555556,5.215300000000001,2.1277407407407405,45.51851851851852,34.51851851851852,61.44444444444444,0.0,0.0,GO,45.0,medium,10.0,5.2544444444,-3.9286111111
DNAA,0,0.0,0.0,0.0,"b'\x00\x00\x00\x00\x01\x01\x00\x00\x00\xc3\xf5(\\\x8f\x02""@\x8f\xc2\xf5(\\\x0f\x1d@'",1.0,12.013748148148148,4.301655555555556,5.215300000000001,2.1277407407407405,45.51851851851852,34.51851851851852,61.44444444444444,0.0,0.0,DN,45.0,medium,10.0,9.005,7.265
DNMM,0,0.0,0.0,0.0,b'\x00\x00\x00\x00\x01\x01\x00\x00\x00\xcd\xcc\xcc\xcc\xccL\x1a@\xc7\x84-\xf9\xc5\x92\n@',1.0,12.013748148148148,4.301655555555556,5.215300000000001,2.1277407407407405,45.51851851851852,34.51851851851852,61.44444444444444,0.0,0.0,DN,45.0,medium,10.0,6.575,3.3216666667
DRRN,0,0.0,0.0,0.0,b'\x00\x00\x00\x00\x01\x01\x00\x00\x00\x84\x19j\x03\x9d\xf6*@\xaa\x17w\x98\xba\\\x01@',1.0,12.013748148148148,4.301655555555556,5.215300000000001,2.1277407407407405,45.51851851851852,34.51851851851852,61.44444444444444,0.0,0.0,DR,45.0,medium,10.0,13.4816666667,2.1702777778
DTMB,0,20.0,20.0,15.0,b'\x00\x00\x00\x00\x01\x01\x00\x00\x003\xed\xe5\xf6\x07\xe1A@\xaf\xd3{\xf3j\x82%@',1.0,12.013748148148148,4.301655555555556,5.215300000000001,2.1277407407407405,45.51851851851852,34.51851851851852,61.44444444444444,0.0,1.0,DT,45.0,medium,15.0,35.7580555556,10.7547222222
DXXX,71,0.0,0.0,0.0,b'\x00\x00\x00\x00\x01\x01\x00\x00\x00\xd0p\x9c6\xd0\xa9\x18@y[\x13\x11\x11\x11\xf4?',0.0,12.013748148148148,4.301655555555556,5.215300000000001,2.1277407407407405,45.51851851851852,34.51851851851852,61.44444444444444,0.0,0.0,DG,45.0,medium,10.0,6.1658333333,1.2541666667
EBBR,184,10.0,5.0,15.0,b'\x00\x00\x00\x00\x01\x01\x00\x00\x00\xd2f\x0b\xb6`sI@#\xb5U4\x12\xf0\x11@',1.0,11.7144,3.8022,5.3087,2.5766,42.0,20.0,60.0,1.0,1.0,EB,61.0,medium,14.0922,50.9013888889,4.4844444444
EDDB,157,5.0,15.0,11.0,"b""\x00\x00\x00\x00\x01\x01\x00\x00\x00\xe2\x1d;L].J@'DZ\xd1H\x00+@""",1.0,11.3283,5.5216,6.4462,2.055,52.0,30.0,60.0,1.0,1.0,ED,45.0,small,11.1379,52.3622222222,13.5005555556
EDDF,364,20.0,20.0,15.0,b'\x00\x00\x00\x00\x01\x01\x00\x00\x00\xf11DDD\x04I@\xca\xb4\x97\xdb\x1f$!@',1.0,13.8425,5.4876,8.8537,3.8564,45.0,45.0,60.0,1.0,1.0,ED,104.0,large,14.6662,50.0333333333,8.570555555599999
EDDG,159,10.0,5.0,5.0,"b""\x00\x00\x00\x00\x01\x01\x00\x00\x00]2\xe9\x93>\x11J@\x17\xc6|\xd2'\xbd\x1e@""",1.0,6.6582,2.6299,4.6345,1.3980000000000001,20.0,20.0,60.0,1.0,1.0,ED,45.0,small,5.0,52.134722222200004,7.6847222222000005
EDDH,53,10.0,5.0,10.0,b'\x00\x00\x00\x00\x01\x01\x00\x00\x00\xf5\x855\xf1\xac\xd0J@\xed#\xa0\xd3\x06\xfa#@',1.0,9.3374,3.654,4.6522,1.8169,35.0,35.0,60.0,1.0,1.0,ED,45.0,medium,14.5746,53.630277777799996,9.9883333333
EDDK,302,10.0,15.0,10.0,"b""\x00\x00\x00\x00\x01\x01\x00\x00\x00\xb3'm\xa0\xd3nI@y\xfcxV4\x92\x1c@""",1.0,10.4309,3.8307,5.3177,2.0915,30.0,30.0,60.0,1.0,1.0,ED,45.0,small,9.7233,50.865833333299996,7.1427777778
EDDL,147,10.0,10.0,13.0,b'\x00\x00\x00\x00\x01\x01\x00\x00\x009\x13\xbfX\xf2\xa3I@!\x9d Ce\x07\x1b@',1.0,12.4223,4.1305,4.4381,1.8654,35.0,35.0,60.0,1.0,1.0,ED,51.0,medium,10.7507,51.2808333333,6.7572222222
EDDM,1487,5.0,10.0,20.0,"b""\x00\x00\x00\x00\x01\x01\x00\x00\x00$\x1f*;L-H@\xb8d\xd2'}\x92'@""",1.0,12.1865,3.6022,5.3763,2.0444,40.0,40.0,60.0,1.0,1.0,ED,87.0,large,10.6869,48.3538888889,11.786111111099999
EDDS,1276,15.0,15.0,11.0,"b'\x00\x00\x00\x00\x01\x01\x00\x00\x00\xb8\x1e\x85\xebQXH@+t\xc4\xb3\xa2q""@'",1.0,9.6047,3.9584,5.5068,2.184,30.0,30.0,60.0,1.0,1.0,ED,45.0,small,10.75,48.69,9.2219444444
EDDT,122,10.0,15.0,11.0,b'\x00\x00\x00\x00\x01\x01\x00\x00\x00\xc3\x98O\xfa\xa4GJ@GU\xe0\x9bW\x93*@',1.0,10.5831,3.4711,4.6213,1.9628,41.0,30.0,60.0,1.0,1.0,ED,45.0,medium,11.0,52.5597222222,13.2877777778
EDDV,183,10.0,5.0,5.0,b'\x00\x00\x00\x00\x01\x01\x00\x00\x00\xff\\\xd9a\xea:J@\xa4\xb6\x8aF\x02^#@',1.0,9.4605,2.8157,4.8703,2.1291,29.0,25.0,60.0,1.0,1.0,ED,45.0,small,5.0,52.460277777799995,9.6836111111
EDRZ,1133,5.0,5.0,10.0,b'\x00\x00\x00\x00\x01\x01\x00\x00\x00q\x83W\x13\xcf\x9aH@\xe7!N<+\x9a\x1d@',1.0,9.677285534591196,3.564572955974844,4.621850943396225,1.8174679245283014,44.308176100628934,28.836477987421382,62.264150943396224,1.0,1.0,ED,45.0,small,10.0,49.2094444444,7.4005555556
EFHK,179,10.0,20.0,10.0,b'\x00\x00\x00\x00\x01\x01\x00\x00\x00\xec\xf4\xde\xbc\x9a(N@\x90\xabi\x03\x9d\xf68@',2.0,9.6146,3.2552,4.3092,2.0629,31.0,20.0,60.0,1.0,1.0,EF,49.0,medium,8.8824,60.3172222222,24.9633333333
EFOU,47,10.0,20.0,5.0,b'\x00\x00\x00\x00\x01\x01\x00\x00\x00\xa1\x80www;P@\x8e6[\xb0\x05[9@',2.0,6.34,1.9345,3.1588,0.9511,14.0,20.0,60.0,1.0,1.0,EF,45.0,small,5.0,64.9291666667,25.3555555556
EGAA,268,5.0,5.0,10.0,b'\x00\x00\x00\x00\x01\x01\x00\x00\x00\\\x8f\xc2\xf5(TK@\x03\xa4\xcfi\x03\xdd\x18\xc0',0.0,9.83,4.4593,4.6023,2.8912,44.0,20.0,60.0,1.0,1.0,EG,45.0,small,10.0,54.6575,-6.2158333333
EGBB,341,5.0,5.0,15.0,b'\x00\x00\x00\x00\x01\x01\x00\x00\x00\xf1\xeb\xf6\x07\x19:J@-J.\x1a\t\xf8\xfb\xbf',0.0,12.1401,4.2008,6.0876,2.6522,45.0,45.0,60.0,1.0,1.0,EG,45.0,small,14.9057,52.4538888889,-1.7480555556
EGCC,257,10.0,10.0,15.0,b'\x00\x00\x00\x00\x01\x01\x00\x00\x00$\x1f*;L\xadJ@333333\x02\xc0',0.0,14.4111,5.5887,6.8366,3.2028,39.0,30.0,60.0,1.0,1.0,EG,49.0,medium,19.2967,53.3538888889,-2.275
EGCN,55,10.0,5.0,10.0,b'\x00\x00\x00\x00\x01\x01\x00\x00\x00Q\x15\xf8\xe6\xd5\xbcJ@y[\x13\x11\x11\x11\xf0\xbf',0.0,10.7399,5.7191,4.2634,2.1275,50.0,20.0,60.0,1.0,1.0,EG,45.0,small,10.0,53.475277777799995,-1.0041666667
EGGD,622,0.0,0.0,10.0,b'\x00\x00\x00\x00\x01\x01\x00\x00\x00\xad\xa4\xba\xdc\xfe\xb0I@u\xcc\x0et\xda\xc0\x05\xc0',0.0,10.1397,3.5403,4.0735,1.5599,30.0,30.0,60.0,1.0,1.0,EG,45.0,small,10.0,51.382777777799994,-2.7191666667
EGGP,81,0.0,0.0,10.0,b'\x00\x00\x00\x00\x01\x01\x00\x00\x00\xdc\xe0\xd5\xc4\xb3\xaaJ@\x80D\x18*;\xcc\x06\xc0',0.0,10.9821,5.77,4.3953,1.8217,30.0,30.0,60.0,1.0,1.0,EG,45.0,small,10.102,53.3336111111,-2.8497222222000005
EGGW,526,5.0,5.0,10.0,b'\x00\x00\x00\x00\x01\x01\x00\x00\x00|\xb7\xd4\xe5\xf6\xefI@\xf35#\xf9\xc5\x92\xd7\xbf',0.0,13.4939,5.5184,5.6553,2.3959,50.0,20.0,60.0,1.0,1.0,EG,45.0,medium,11.7937,51.874722222200006,-0.3683333333
EGKK,203,10.0,10.0,25.0,b'\x00\x00\x00\x00\x01\x01\x00\x00\x00\x85\xa5\x04|\xf3\x92I@1=g\xb0\x05[\xc8\xbf',0.0,17.149,7.2043,6.9655,3.0862,61.0,55.0,63.0,1.0,1.0,EG,55.0,large,24.086,51.1480555556,-0.19027777780000002
EGLC,19,0.0,0.0,10.0,b'\x00\x00\x00\x00\x01\x01\x00\x00\x00\xf5\x855\xf1\xac\xc0I@\xa3o\xb1o^M\xac?',0.0,8.6135,3.8554,3.4094,1.4966,30.0,30.0,60.0,1.0,1.0,EG,45.0,small,11.9153,51.505277777799996,0.055277777800000004
EGLL,83,10.0,10.0,20.0,b'\x00\x00\x00\x00\x01\x01\x00\x00\x00\x85\xebQ\xb8\x1e\xbdI@\xbd\x0c$Ce\x87\xdd\xbf',0.0,20.8843,6.7741,7.6847,4.7223,84.0,83.0,84.0,1.0,1.0,EG,90.0,large,21.4617,51.4775,-0.4613888889
EGMC,55,0.0,0.0,10.0,b'\x00\x00\x00\x00\x01\x01\x00\x00\x00\xad\xa4\xba\xdc\xfe\xc8I@`\x01\xf8b\xc9/\xe6?',0.0,9.677285534591196,3.564572955974844,4.621850943396225,1.8174679245283014,44.308176100628934,28.836477987421382,62.264150943396224,1.0,1.0,EG,45.0,small,9.6667,51.570277777799994,0.6933333333
EGNT,266,0.0,0.0,10.0,b'\x00\x00\x00\x00\x01\x01\x00\x00\x00\xd7]#\x01\xdf\x84K@n\xc6:+\x1a\t\xfb\xbf',0.0,11.0638,4.749,4.5704,2.1501,38.0,30.0,60.0,1.0,1.0,EG,45.0,small,9.9012,55.0380555556,-1.6897222222
EGNX,306,0.0,0.0,10.0,b'\x00\x00\x00\x00\x01\x01\x00\x00\x00#\xc2P\xd9ajJ@\xd9\x1a@\xe9\x93>\xf5\xbf',0.0,11.3175,3.3414,4.8097,1.9022,30.0,30.0,60.0,1.0,1.0,EG,45.0,small,10.0649,52.83111111109999,-1.3277777778
EGPF,26,5.0,5.0,10.0,b'\x00\x00\x00\x00\x01\x01\x00\x00\x00=P$\xe0\x9b\xefK@\xc9\x9cb\xear\xbb\x11\xc0',0.0,11.3779,3.5319,4.789,2.8289,41.0,30.0,60.0,1.0,1.0,EG,45.0,small,10.0,55.87194444439999,-4.4330555556
EGPH,136,5.0,5.0,10.0,b'\x00\x00\x00\x00\x01\x01\x00\x00\x00\x9a\x99\x99\x99\x99\xf9K@{\x14\xaeG\xe1\xfa\n\xc0',0.0,11.4713,3.9569,5.0544,2.5479,45.0,30.0,60.0,1.0,1.0,EG,45.0,medium,9.9401,55.95,-3.3725
EGSS,348,5.0,5.0,10.0,b'\x00\x00\x00\x00\x01\x01\x00\x00\x00\xe1z\x14\xaeG\xf1I@\x14\xaeG\xe1z\x14\xce?',0.0,14.1121,5.8431,6.7041,2.7219,45.0,45.0,60.0,1.0,1.0,EG,45.0,medium,14.8966,51.885,0.235
EGTE,102,0.0,0.0,10.0,"b'\x00\x00\x00\x00\x01\x01\x00\x00\x00\x19\xa5_,\xf9]I@\xb6\x06P\xfa\xa4O\x0b\xc0'",0.0,9.3705,2.7814,4.0547,2.4877,41.0,25.0,60.0,1.0,1.0,EG,45.0,small,10.0,50.7341666667,-3.4138888889
EHAM,0,15.0,15.0,15.0,"b""\x00\x00\x00\x00\x01\x01\x00\x00\x00\x9aSL]n'J@\xe9\xad\xe8\xb4\x81\x0e\x13@""",1.0,14.0612,4.9289,7.8819,4.5594,40.0,25.0,60.0,1.0,1.0,EH,103.0,large,16.7336,52.308055555600006,4.7641666667
EIDW,242,10.0,5.0,10.0,b'\x00\x00\x00\x00\x01\x01\x00\x00\x00\x95\\4\x12\xf0\xb5J@\x14\xaeG\xe1z\x14\x19\xc0',0.0,14.6239,5.4563,5.9665,2.762,45.0,45.0,60.0,1.0,1.0,EI,45.0,medium,17.8773,53.421388888900005,-6.27
EINN,46,10.0,5.0,10.0,"b""\x00\x00\x00\x00\x01\x01\x00\x00\x00H'\xc8P\xd9YJ@\x86w\xec0u\xd9!\xc0""",0.0,11.0415,3.363,4.8286,2.2464,45.0,45.0,60.0,1.0,1.0,EI,45.0,small,10.0,52.7019444444,-8.9247222222
EKBI,247,5.0,10.0,5.0,"b'\x00\x00\x00\x00\x01\x01\x00\x00\x00\xa3\xcd\x16l\xc1\xdeK@Z\xbd\xda@\xa7M""@'",1.0,8.6257,4.3942,4.4403,1.3146,28.0,20.0,60.0,1.0,1.0,EK,45.0,small,5.0,55.740277777799996,9.151666666699999
EKCH,17,10.0,20.0,8.0,b'\x00\x00\x00\x00\x01\x01\x00\x00\x00\xe14\xc7q\x1c\xcfK@\xf6n\xa9\xcb\xedO)@',1.0,11.3707,3.9938,5.7679,1.9397,41.0,30.0,60.0,1.0,1.0,EK,63.0,large,7.9073,55.6180555556,12.6561111111
ENAT,10,10.0,5.0,5.0,b'\x00\x00\x00\x00\x01\x01\x00\x00\x00\xf3\xdb\xbc\x9ax~Q@f}\xf2\x8b%_7@',1.0,9.677285534591196,3.564572955974844,4.621850943396225,1.8174679245283014,44.308176100628934,28.836477987421382,62.264150943396224,1.0,1.0,EN,45.0,small,5.0,69.9761111111,23.3716666667
ENEV,84,10.0,5.0,10.0,b'\x00\x00\x00\x00\x01\x01\x00\x00\x00\x03M\x9f\xf4I\x1fQ@gO\xda@\xa7\xad0@',1.0,9.677285534591196,3.564572955974844,4.621850943396225,1.8174679245283014,44.308176100628934,28.836477987421382,62.264150943396224,1.0,1.0,EN,45.0,small,10.0,68.48888888890001,16.6783333333
ENGM,681,10.0,5.0,10.0,b'\x00\x00\x00\x00\x01\x01\x00\x00\x00\xd6\x00J\x9f\xf4\x19N@\x85\xa5\x04|\xf3*&@',1.0,10.4251,4.3406,3.904,1.7071,41.0,35.0,60.0,1.0,1.0,EN,69.0,medium,10.0156,60.202777777799994,11.0838888889
EPKK,791,10.0,5.0,15.0,b'\x00\x00\x00\x00\x01\x01\x00\x00\x00\xd6\x00J\x9f\xf4\tI@\x1f\xcb8\x8e\xe3\xc83@',1.0,11.2476,3.8034,7.297999999999999,2.4312,79.0,45.0,90.0,1.0,1.0,EP,45.0,small,15.0,50.077777777799994,19.7847222222
EPKT,994,10.0,5.0,10.0,b'\x00\x00\x00\x00\x01\x01\x00\x00\x008*K~\xb1<I@\x14\xaeG\xe1z\x143@',1.0,10.9794,3.9009,3.9192,1.9626,34.0,20.0,60.0,1.0,1.0,EP,45.0,small,10.0,50.4741666667,19.08
EPWA,362,10.0,15.0,20.0,b'\x00\x00\x00\x00\x01\x01\x00\x00\x00\x1a\x8e\xd3\x06:\x15J@>P$\xe0\x9b\xf74@',1.0,13.8112,5.624,4.2846,2.0262,46.0,35.0,60.0,1.0,1.0,EP,45.0,medium,16.831,52.1658333333,20.9672222222
EPWR,404,10.0,5.0,5.0,"b""\x00\x00\x00\x00\x01\x01\x00\x00\x00\n4}\xd2'\x8dI@\xec:,\xf9\xc5\xe20@""",1.0,10.4424,4.6361,4.9548,1.8728,36.0,25.0,60.0,1.0,1.0,EP,45.0,small,5.0,51.1027777778,16.8858333333
ESGG,506,10.0,10.0,10.0,b'\x00\x00\x00\x00\x01\x01\x00\x00\x00\x14\xaeG\xe1z\xd4L@{Z\xfb\x83\x0c\x95(@',1.0,8.8248,2.8524,3.7799,1.2443,32.0,30.0,60.0,1.0,1.0,ES,45.0,small,10.0,57.66,12.2911111111
ESSA,137,10.0,20.0,10.0,b'\x00\x00\x00\x00\x01\x01\x00\x00\x00\xe1\xc0a\xear\xd3M@\xae\xea\x07\x19*\xeb1@',1.0,10.0057,3.687,5.4572,2.2698,49.0,27.0,60.0,1.0,1.0,ES,60.0,medium,9.8739,59.651944444399994,17.9186111111
EVRA,36,5.0,5.0,10.0,b'\x00\x00\x00\x00\x01\x01\x00\x00\x00\xc72\x8e\xe38vL@\xec\xf4\xde\xbc\x9a\xf87@',2.0,9.6236,3.4534,5.2279,1.6148,50.0,20.0,60.0,1.0,1.0,EV,45.0,small,10.0,56.923611111099994,23.9711111111
EYKA,256,0.0,0.0,10.0,b'\x00\x00\x00\x00\x01\x01\x00\x00\x00\xd2f\x0b\xb6`{K@\xeb\x97\x05[\xb0\x158@',2.0,10.5497,3.3956,7.5489,1.6131,40.0,20.0,60.0,1.0,1.0,EY,45.0,small,5.0,54.9638888889,24.084722222199996
FACT,0,0.0,0.0,0.0,b'\x00\x00\x00\x00\x01\x01\x00\x00\x00\x0f\xce\xbb\xbb\xbb\xfb@\xc0\x9a\x99\x99\x99\x99\x992@',2.0,12.013748148148148,4.301655555555556,5.215300000000001,2.1277407407407405,45.51851851851852,34.51851851851852,61.44444444444444,0.0,0.0,F,45.0,medium,10.0,-33.9666666667,18.6
FCPP,0,0.0,0.0,0.0,"b""\x00\x00\x00\x00\x01\x01\x00\x00\x00\x9c\xb1\xce\x8aFB\x13\xc0\x00\xba\xb2\xc3\xd4\xc5'@""",1.0,12.013748148148148,4.301655555555556,5.215300000000001,2.1277407407407405,45.51851851851852,34.51851851851852,61.44444444444444,0.0,0.0,F,45.0,medium,10.0,-4.8147222222,11.886388888900001
FGSL,76,0.0,0.0,0.0,b'\x00\x00\x00\x00\x01\x01\x00\x00\x00W_X\x13\xcf\n\x0e@q\x83W\x13\xcfj!@',1.0,12.013748148148148,4.301655555555556,5.215300000000001,2.1277407407407405,45.51851851851852,34.51851851851852,61.44444444444444,0.0,0.0,F,45.0,medium,10.0,3.7552777777999995,8.7086111111
FIMP,0,0.0,0.0,0.0,b'\x00\x00\x00\x00\x01\x01\x00\x00\x00\xaeG\xe1z\x14n4\xc0\x14\x0b!Ce\xd7L@',4.0,12.013748148148148,4.301655555555556,5.215300000000001,2.1277407407407405,38.0,20.0,60.0,0.0,0.0,F,45.0,medium,10.0,-20.43,57.6827777778
FKKD,0,0.0,0.0,0.0,b'\x00\x00\x00\x00\x01\x01\x00\x00\x00&\xb8\xbfX\xf2\x0b\x10@^a\xaa\xaa\xaaj#@',1.0,12.013748148148148,4.301655555555556,5.215300000000001,2.1277407407407405,45.51851851851852,34.51851851851852,61.44444444444444,0.0,0.0,F,45.0,medium,10.0,4.0116666667,9.7083333333
FKYS,2278,0.0,0.0,0.0,"b'\x00\x00\x00\x00\x01\x01\x00\x00\x00\xf0\x81""\x01\xdf\xbc\r@{\x14\xaeG\xe1\x1a\'@'",1.0,12.013748148148148,4.301655555555556,5.215300000000001,2.1277407407407405,45.51851851851852,34.51851851851852,61.44444444444444,0.0,0.0,F,45.0,medium,10.0,3.7172222222,11.5525
FMEE,0,0.0,0.0,0.0,"b'\x00\x00\x00\x00\x01\x01\x00\x00\x00{\xfd!""""\xe24\xc0u4""""""\xc2K@'",4.0,12.013748148148148,4.301655555555556,5.215300000000001,2.1277407407407405,45.51851851851852,34.51851851851852,61.44444444444444,0.0,0.0,F,45.0,medium,10.0,-20.883333333299998,55.5166666667
FMMI,4196,0.0,0.0,0.0,b'\x00\x00\x00\x00\x01\x01\x00\x00\x00)\xb9h$\xe0\xcb2\xc0\xe6\xb7y5\xf1\xbcG@',3.0,12.013748148148148,4.301655555555556,5.215300000000001,2.1277407407407405,45.51851851851852,34.51851851851852,61.44444444444444,0.0,0.0,F,45.0,medium,10.0,-18.7963888889,47.476111111099996
FNLU,0,0.0,0.0,0.0,b'\x00\x00\x00\x00\x01\x01\x00\x00\x0033333\xb3!\xc0*.wwww*@',1.0,12.013748148148148,4.301655555555556,5.215300000000001,2.1277407407407405,45.51851851851852,34.51851851851852,61.44444444444444,0.0,0.0,F,45.0,medium,10.0,-8.85,13.2333333333
FOOL,0,0.0,0.0,0.0,"b'\x00\x00\x00\x00\x01\x01\x00\x00\x00\xcd\xcc\xcc\xcc\xcc\xcc\xdc?\xa2\x9eUUU\xd5""@'",1.0,12.013748148148148,4.301655555555556,5.215300000000001,2.1277407407407405,45.51851851851852,34.51851851851852,61.44444444444444,0.0,0.0,F,45.0,medium,10.0,0.45,9.4166666667
FQMA,0,0.0,0.0,0.0,b'\x00\x00\x00\x00\x01\x01\x00\x00\x00Q\xcf\xaa\xaa\xaa\xea9\xc0\xdc\x9a\x88\x88\x88H@@',2.0,12.013748148148148,4.301655555555556,5.215300000000001,2.1277407407407405,45.51851851851852,34.51851851851852,61.44444444444444,0.0,0.0,F,45.0,medium,10.0,-25.9166666667,32.5666666667
FTTJ,968,0.0,0.0,0.0,b'\x00\x00\x00\x00\x01\x01\x00\x00\x00\x00\x00\x00\x00\x00@(@\xb9\xaa\x1fd\xa8\x0c.@',1.0,12.013748148148148,4.301655555555556,5.215300000000001,2.1277407407407405,45.51851851851852,34.51851851851852,61.44444444444444,0.0,0.0,F,45.0,medium,10.0,12.125,15.0247222222
FYWH,0,0.0,0.0,0.0,b'\x00\x00\x00\x00\x01\x01\x00\x00\x00\x15\x97\xbb\xbb\xbb{6\xc0\x1e\x9cwwww1@',1.0,12.013748148148148,4.301655555555556,5.215300000000001,2.1277407407407405,45.51851851851852,34.51851851851852,61.44444444444444,0.0,0.0,F,45.0,medium,10.0,-22.4833333333,17.4666666667
FZAA,0,0.0,0.0,0.0,b'\x00\x00\x00\x00\x01\x01\x00\x00\x00\n\xd7\xa3p=\x8a\x11\xc0\xa4p=\n\xd7\xe3.@',1.0,12.013748148148148,4.301655555555556,5.215300000000001,2.1277407407407405,45.51851851851852,34.51851851851852,61.44444444444444,0.0,0.0,F,45.0,medium,10.0,-4.385,15.445
GABS,1247,10.0,5.0,10.0,"b'\x00\x00\x00\x00\x01\x01\x00\x00\x00GU\xe0\x9bW\x13)@,\x00_,\xf9\xc5\x1f\xc0'",0.0,12.013748148148148,4.301655555555556,5.215300000000001,2.1277407407407405,45.51851851851852,34.51851851851852,61.44444444444444,0.0,0.0,GO,45.0,medium,10.0,12.5377777778,-7.9433333333
GCFV,86,10.0,5.0,5.0,b'\x00\x00\x00\x00\x01\x01\x00\x00\x00\xae\x01\x94>\xe9s<@\x15h\xfa\xa4O\xba+\xc0',0.0,9.5906,4.4846,4.7366,2.0796,52.0,30.0,60.0,1.0,1.0,GC,45.0,small,5.02,28.4527777778,-13.863888888900002
GCLP,78,10.0,5.0,10.0,"b'\x00\x00\x00\x00\x01\x01\x00\x00\x00\x0bc>\xe9\x93\xee;@\x13\xdc_,\xf9\xc5.\xc0'",0.0,9.4921,3.9002,4.1328,2.0819,51.0,25.0,60.0,1.0,1.0,GC,45.0,medium,10.0,27.9319444444,-15.3866666667
GCRR,47,10.0,5.0,6.0,b'\x00\x00\x00\x00\x01\x01\x00\x00\x00e\xda\xcb\xed\x0f\xf2<@\tK\t\xf8\xe65+\xc0',0.0,9.3293,4.5538,4.3434,2.3703,56.0,45.0,60.0,1.0,1.0,GC,45.0,small,6.0,28.9455555556,-13.6052777778
GCTS,209,10.0,5.0,10.0,b'\x00\x00\x00\x00\x01\x01\x00\x00\x00\xd8/\x0b\xb6`\x0b<@\xc3\xf5(\\\x8f\x920\xc0',0.0,10.383,2.9978,5.1875,2.1997,40.0,25.0,60.0,1.0,1.0,GC,45.0,small,10.0,28.0444444444,-16.5725
GMAD,254,10.0,15.0,10.0,"b'\x00\x00\x00\x00\x01\x01\x00\x00\x00\xc3\xf5(\\\x8fR>@\xcc\x86\x7f\x90\xa1\xd2""\xc0'",0.0,12.013748148148148,4.301655555555556,5.215300000000001,2.1277407407407405,45.51851851851852,34.51851851851852,61.44444444444444,0.0,1.0,GM,45.0,medium,10.0,30.3225,-9.4113888889
GMFO,1535,10.0,15.0,10.0,b'\x00\x00\x00\x00\x01\x01\x00\x00\x00.\x99\xf4I\x9fdA@\x04\xee\x9eW\x13\xcf\xfe\xbf',0.0,12.013748148148148,4.301655555555556,5.215300000000001,2.1277407407407405,45.51851851851852,34.51851851851852,61.44444444444444,0.0,1.0,GM,45.0,medium,10.0,34.7861111111,-1.9255555556
GMMN,656,10.0,15.0,10.0,b'\x00\x00\x00\x00\x01\x01\x00\x00\x00\x8a\xe2i\x03\x9d\xae@@m\x99:m\xa0S\x1e\xc0',0.0,12.013748148148148,4.301655555555556,5.215300000000001,2.1277407407407405,50.0,50.0,60.0,0.0,1.0,GM,45.0,medium,10.0,33.3641666667,-7.5816666666999994
GMMW,575,10.0,15.0,10.0,b'\x00\x00\x00\x00\x01\x01\x00\x00\x00\x15\xf4\x94\x1d\xa6~A@\x06\xa79\x8e\xe38\x08\xc0',0.0,12.013748148148148,4.301655555555556,5.215300000000001,2.1277407407407405,45.51851851851852,34.51851851851852,61.44444444444444,0.0,1.0,GM,45.0,medium,10.0,34.9894444444,-3.0277777778
GMMX,1545,10.0,15.0,10.0,b'\x00\x00\x00\x00\x01\x01\x00\x00\x00\x1f(\x12\xf0\xcd\x9b?@h8N\x1b\xe8\x14 \xc0',0.0,12.013748148148148,4.301655555555556,5.215300000000001,2.1277407407407405,42.0,30.0,60.0,0.0,1.0,GM,45.0,medium,10.0,31.6086111111,-8.0408333333
GMTT,69,10.0,15.0,10.0,b'\x00\x00\x00\x00\x01\x01\x00\x00\x00a\x86\xda@\xa7\xddA@|\xa0H\xc07\xaf\x17\xc0',0.0,12.013748148148148,4.301655555555556,5.215300000000001,2.1277407407407405,45.51851851851852,34.51851851851852,61.44444444444444,0.0,1.0,GM,45.0,medium,10.0,35.7316666667,-5.9211111111
GOOY,0,10.0,5.0,10.0,b'\x00\x00\x00\x00\x01\x01\x00\x00\x00\xd7]#\x01\xdf|-@h\xf2\x00\xdf\xbcz1\xc0',0.0,12.013748148148148,4.301655555555556,5.215300000000001,2.1277407407407405,45.51851851851852,34.51851851851852,61.44444444444444,0.0,0.0,GO,45.0,medium,10.0,14.7438888889,-17.479444444400002
GQNN,7,10.0,5.0,10.0,b'\x00\x00\x00\x00\x01\x01\x00\x00\x00\xcc@2Tv\x182@fffff\xe6/\xc0',0.0,12.013748148148148,4.301655555555556,5.215300000000001,2.1277407407407405,45.51851851851852,34.51851851851852,61.44444444444444,0.0,0.0,GO,45.0,medium,10.0,18.0955555556,-15.95
GVAC,95,10.0,5.0,10.0,b'\x00\x00\x00\x00\x01\x01\x00\x00\x00\xcd\xcc\xcc\xcc\xcc\xbc0@33333\xf36\xc0',-1.0,12.013748148148148,4.301655555555556,5.215300000000001,2.1277407407407405,45.51851851851852,34.51851851851852,61.44444444444444,0.0,0.0,GV,45.0,medium,10.0,16.7375,-22.95
GVNP,324,10.0,5.0,10.0,"b""\x00\x00\x00\x00\x01\x01\x00\x00\x00H'\xc8P\xd9\xe1-@R\xfek\xc1\x16|7\xc0""",-1.0,12.013748148148148,4.301655555555556,5.215300000000001,2.1277407407407405,45.51851851851852,34.51851851851852,61.44444444444444,0.0,0.0,GV,45.0,medium,10.0,14.9411111111,-23.4847222222
HAAB,0,0.0,0.0,0.0,b'\x00\x00\x00\x00\x01\x01\x00\x00\x00+.www\xf7!@ffffffC@',3.0,12.013748148148148,4.301655555555556,5.215300000000001,2.1277407407407405,45.51851851851852,34.51851851851852,61.44444444444444,0.0,0.0,HA,45.0,medium,10.0,8.983333333300001,38.8
HECA,382,10.0,5.0,15.0,b'\x00\x00\x00\x00\x01\x01\x00\x00\x00\x99\xf6r\xfb\x83\x1c>@\xd6\x00J\x9f\xf4i?@',2.0,12.013748148148148,4.301655555555556,5.215300000000001,2.1277407407407405,129.0,96.0,140.0,0.0,1.0,HE,45.0,medium,15.0,30.1113888889,31.413888888899997
HEGN,52,10.0,15.0,15.0,b'\x00\x00\x00\x00\x01\x01\x00\x00\x00q\xe00u\xb9-;@\xfb\x08\xe8\xb4\x81\xe6@@',2.0,12.013748148148148,4.301655555555556,5.215300000000001,2.1277407407407405,75.0,30.0,90.0,0.0,1.0,HE,45.0,medium,15.0,27.1786111111,33.8008333333
HESH,0,10.0,15.0,20.0,b'\x00\x00\x00\x00\x01\x01\x00\x00\x00>\xad\xfdA\x86\xfa;@\x9fy%\xbfX2A@',2.0,12.013748148148148,4.301655555555556,5.215300000000001,2.1277407407407405,75.0,30.0,90.0,0.0,1.0,HE,45.0,medium,20.0,27.9786111111,34.3933333333
HKJK,0,0.0,0.0,0.0,b'\x00\x00\x00\x00\x01\x01\x00\x00\x00L\x11\xe5\xf6\x07\x19\xf5\xbf\xfb\x08\xe8\xb4\x81vB@',3.0,12.013748148148148,4.301655555555556,5.215300000000001,2.1277407407407405,52.0,30.0,60.0,0.0,0.0,HK,45.0,medium,10.0,-1.3186111111,36.9258333333
HLLQ,0,0.0,0.0,10.0,b'\x00\x00\x00\x00\x01\x01\x00\x00\x00\xe7\xb7y5\xf1d@@\xc4\x81\xc3\xd4\xe5\xf65@',2.0,12.013748148148148,4.301655555555556,5.215300000000001,2.1277407407407405,45.51851851851852,34.51851851851852,61.44444444444444,0.0,0.0,HL,45.0,medium,10.0,32.7886111111,21.9644444444
HTDA,0,0.0,0.0,0.0,b'\x00\x00\x00\x00\x01\x01\x00\x00\x00M\x88\xb4\xa2\x91\x80\x1b\xc0\xe7Z\xa0\xd3\x06\x9aC@',3.0,12.013748148148148,4.301655555555556,5.215300000000001,2.1277407407407405,45.51851851851852,34.51851851851852,61.44444444444444,0.0,0.0,HT,45.0,medium,10.0,-6.875555555599999,39.2033333333
HUEN,0,0.0,0.0,0.0,b'\x00\x00\x00\x00\x01\x01\x00\x00\x00\xd0\xce\xe4\x01\xbey\xa5?\x85H+\x1a\t8@@',3.0,12.013748148148148,4.301655555555556,5.215300000000001,2.1277407407407405,45.51851851851852,34.51851851851852,61.44444444444444,0.0,0.0,HU,45.0,medium,10.0,0.0419444444,32.4377777778
KATL,1026,0.0,0.0,0.0,b'\x00\x00\x00\x00\x01\x01\x00\x00\x00\xbe\xfe\x10\x11\x11\xd1@@\x92\xb2\xbb\xbb\xbb\x1bU\xc0',-5.0,12.013748148148148,4.301655555555556,5.215300000000001,2.1277407407407405,74.0,55.0,80.0,0.0,0.0,K,45.0,medium,10.0,33.6333333333,-84.4333333333
KAUS,0,0.0,0.0,0.0,b'\x00\x00\x00\x00\x01\x01\x00\x00\x00\x85\xebQ\xb8\x1e\xd5E@\x92\xb2\xbb\xbb\xbb;W\xc0',-6.0,12.013748148148148,4.301655555555556,5.215300000000001,2.1277407407407405,45.51851851851852,34.51851851851852,61.44444444444444,0.0,0.0,K,45.0,medium,10.0,43.665,-92.9333333333
KBOS,19,0.0,0.0,0.0,b'\x00\x00\x00\x00\x01\x01\x00\x00\x00\x8a\xe2i\x03\x9d.E@=g\xb0\x05[\xc0Q\xc0',-5.0,12.013748148148148,4.301655555555556,5.215300000000001,2.1277407407407405,66.0,40.0,75.0,0.0,0.0,K,45.0,medium,20.0,42.3641666667,-71.0055555556
KCLT,0,0.0,0.0,0.0,b'\x00\x00\x00\x00\x01\x01\x00\x00\x00\x0f\xce\xbb\xbb\xbb\x9bA@\xcd\xcc\xcc\xcc\xcc<T\xc0',-5.0,12.013748148148148,4.301655555555556,5.215300000000001,2.1277407407407405,45.51851851851852,34.51851851851852,61.44444444444444,0.0,0.0,K,45.0,medium,10.0,35.2166666667,-80.95
KCVG,0,0.0,0.0,0.0,"b'\x00\x00\x00\x00\x01\x01\x00\x00\x00\x19\xa5_,\xf9\x85C@\n\xd7\xa3p=*U\xc0'",-5.0,12.013748148148148,4.301655555555556,5.215300000000001,2.1277407407407405,45.51851851851852,34.51851851851852,61.44444444444444,0.0,0.0,K,45.0,medium,10.0,39.0466666667,-84.66
KDFW,0,0.0,0.0,0.0,"b'\x00\x00\x00\x00\x01\x01\x00\x00\x0033333s@@\xf8\x18""""""BX\xc0'",-6.0,12.013748148148148,4.301655555555556,5.215300000000001,2.1277407407407405,45.51851851851852,34.51851851851852,61.44444444444444,0.0,0.0,K,45.0,medium,10.0,32.9,-97.03333333329999
KDTW,0,0.0,0.0,0.0,b'\x00\x00\x00\x00\x01\x01\x00\x00\x00\xecQ\xb8\x1e\x85\x1bE@U\xa8\xe4\x17K\xd6T\xc0',-5.0,12.013748148148148,4.301655555555556,5.215300000000001,2.1277407407407405,64.0,45.0,70.0,0.0,0.0,K,45.0,medium,20.0,42.215,-83.3483333333
KEWR,0,0.0,0.0,0.0,"b'\x00\x00\x00\x00\x01\x01\x00\x00\x00M\xd8\x92_,YD@iV,\xf9\xc5\x8aR\xc0'",-5.0,12.013748148148148,4.301655555555556,5.215300000000001,2.1277407407407405,71.0,60.0,75.0,0.0,0.0,K,45.0,medium,25.0,40.696666666700004,-74.1683333333
KIAD,0,0.0,0.0,0.0,b'\x00\x00\x00\x00\x01\x01\x00\x00\x00)\\\x8f\xc2\xf5xC@\x97\xa9\xd3\x06:]S\xc0',-5.0,12.013748148148148,4.301655555555556,5.215300000000001,2.1277407407407405,68.0,45.0,75.0,0.0,0.0,K,45.0,medium,20.0,38.945,-77.4566666667
KIAH,0,0.0,0.0,0.0,b'\x00\x00\x00\x00\x01\x01\x00\x00\x00\x15\x97\xbb\xbb\xbb\xfb=@fffff\xd6W\xc0',-6.0,12.013748148148148,4.301655555555556,5.215300000000001,2.1277407407407405,60.0,45.0,65.0,0.0,0.0,K,45.0,medium,10.0,29.9833333333,-95.35
KJFK,13,0.0,0.0,0.0,b'\x00\x00\x00\x00\x01\x01\x00\x00\x00\xd7\x00J\x9f\xf4QD@@\xfa\x9c6\xd0qR\xc0',-5.0,12.013748148148148,4.301655555555556,5.215300000000001,2.1277407407407405,90.0,60.0,100.0,0.0,0.0,K,45.0,medium,35.0,40.6402777778,-73.7783333333
KLAS,0,0.0,0.0,0.0,b'\x00\x00\x00\x00\x01\x01\x00\x00\x00W\x98\xaa\xaa\xaa\nB@\x9a\x99\x99\x99\x99\xc9\\\xc0',-8.0,12.013748148148148,4.301655555555556,5.215300000000001,2.1277407407407405,45.51851851851852,34.51851851851852,61.44444444444444,0.0,0.0,K,45.0,medium,10.0,36.0833333333,-115.15
KLAX,126,0.0,0.0,0.0,b'\x00\x00\x00\x00\x01\x01\x00\x00\x00\x9a\x99\x99\x99\x99\xf9@@\x9a\x99\x99\x99\x99\x99]\xc0',-8.0,12.013748148148148,4.301655555555556,5.215300000000001,2.1277407407407405,100.0,70.0,110.0,0.0,0.0,K,45.0,medium,10.0,33.95,-118.4
KMCO,0,0.0,0.0,0.0,b'\x00\x00\x00\x00\x01\x01\x00\x00\x00H\xca\xee\xee\xeen<@nMDDDTT\xc0',-5.0,12.013748148148148,4.301655555555556,5.215300000000001,2.1277407407407405,68.0,30.0,80.0,0.0,0.0,K,45.0,medium,10.0,28.4333333333,-81.3166666667
KMIA,0,0.0,0.0,0.0,"b'\x00\x00\x00\x00\x01\x01\x00\x00\x00\xcd\xcc\xcc\xcc\xcc\xcc9@\xf8\x18""""""\x12T\xc0'",-5.0,12.013748148148148,4.301655555555556,5.215300000000001,2.1277407407407405,74.0,55.0,80.0,0.0,0.0,K,45.0,medium,10.0,25.8,-80.28333333329999
KMSP,0,0.0,0.0,0.0,b'\x00\x00\x00\x00\x01\x01\x00\x00\x00\xe1z\x14\xaeGqF@\xf6(\\\x8f\xc2MW\xc0',-6.0,12.013748148148148,4.301655555555556,5.215300000000001,2.1277407407407405,45.51851851851852,34.51851851851852,61.44444444444444,0.0,0.0,K,45.0,medium,10.0,44.885,-93.215
KORD,0,0.0,0.0,0.0,b'\x00\x00\x00\x00\x01\x01\x00\x00\x00=\n\xd7\xa3p\xfdD@R\xb8\x1e\x85\xeb\xf9U\xc0',-6.0,12.013748148148148,4.301655555555556,5.215300000000001,2.1277407407407405,76.0,50.0,85.0,0.0,0.0,K,45.0,medium,25.0,41.98,-87.905
KPDX,0,0.0,0.0,0.0,b'\x00\x00\x00\x00\x01\x01\x00\x00\x00\xc8\xd5\xb4\x81N\xcbF@U\xa8\xe4\x17K\xa6^\xc0',-8.0,12.013748148148148,4.301655555555556,5.215300000000001,2.1277407407407405,45.51851851851852,34.51851851851852,61.44444444444444,0.0,0.0,K,45.0,medium,10.0,45.5883333333,-122.5983333333
KPHL,0,0.0,0.0,0.0,b'\x00\x00\x00\x00\x01\x01\x00\x00\x00\x8f\xc2\xf5(\\\xefC@H\xe1z\x14\xae\xcfR\xc0',-5.0,12.013748148148148,4.301655555555556,5.215300000000001,2.1277407407407405,78.0,40.0,90.0,0.0,0.0,K,45.0,medium,25.0,39.87,-75.245
KPIT,0,0.0,0.0,0.0,b'\x00\x00\x00\x00\x01\x01\x00\x00\x00\x00\x00\x00\x00\x00@D@\xc5\xe5\xee\xee\xee\x0eT\xc0',-5.0,12.013748148148148,4.301655555555556,5.215300000000001,2.1277407407407405,45.51851851851852,34.51851851851852,61.44444444444444,0.0,0.0,K,45.0,medium,10.0,40.5,-80.2333333333
KRDU,0,0.0,0.0,0.0,"b'\x00\x00\x00\x00\x01\x01\x00\x00\x00B\x01\xef\xee\xee\xeeA@\xf8\x18""""""\xb2S\xc0'",-5.0,12.013748148148148,4.301655555555556,5.215300000000001,2.1277407407407405,45.51851851851852,34.51851851851852,61.44444444444444,0.0,0.0,K,45.0,medium,10.0,35.8666666667,-78.78333333329999
KRSW,0,0.0,0.0,0.0,b'\x00\x00\x00\x00\x01\x01\x00\x00\x00fffff\xa6:@fffffvT\xc0',-5.0,12.013748148148148,4.301655555555556,5.215300000000001,2.1277407407407405,45.51851851851852,34.51851851851852,61.44444444444444,0.0,0.0,K,45.0,medium,10.0,26.65,-81.85
KSEA,0,0.0,0.0,0.0,b'\x00\x00\x00\x00\x01\x01\x00\x00\x00\x9a\x99\x99\x99\x99\xb9G@33333\x93^\xc0',-8.0,12.013748148148148,4.301655555555556,5.215300000000001,2.1277407407407405,45.51851851851852,34.51851851851852,61.44444444444444,0.0,0.0,K,45.0,medium,10.0,47.45,-122.3
KSFB,55,0.0,0.0,0.0,b'\x00\x00\x00\x00\x01\x01\x00\x00\x00\x01\xe9s\xda@\xc7<@~\x04t\xda@OT\xc0',-5.0,12.013748148148148,4.301655555555556,5.215300000000001,2.1277407407407405,45.51851851851852,34.51851851851852,61.44444444444444,0.0,0.0,K,45.0,medium,10.0,28.7783333333,-81.2383333333
KSFO,11,0.0,0.0,0.0,b'\x00\x00\x00\x00\x01\x01\x00\x00\x00B\x01\xef\xee\xee\xceB@_\x7f\x88\x88\x88\x98^\xc0',-8.0,12.013748148148148,4.301655555555556,5.215300000000001,2.1277407407407405,80.0,50.0,90.0,0.0,0.0,K,45.0,medium,10.0,37.6166666667,-122.3833333333
KSLC,0,0.0,0.0,0.0,"b'\x00\x00\x00\x00\x01\x01\x00\x00\x008*K~\xb1dD@\x9c\x89_,\xf9\xfd[\xc0'",-7.0,12.013748148148148,4.301655555555556,5.215300000000001,2.1277407407407405,45.51851851851852,34.51851851851852,61.44444444444444,0.0,0.0,K,45.0,medium,10.0,40.7866666667,-111.9683333333
KTPA,0,0.0,0.0,0.0,"b'\x00\x00\x00\x00\x01\x01\x00\x00\x00\x1e\x9cwww\xf7;@\xf8\x18""""""\xa2T\xc0'",-5.0,12.013748148148148,4.301655555555556,5.215300000000001,2.1277407407407405,45.51851851851852,34.51851851851852,61.44444444444444,0.0,0.0,K,45.0,medium,10.0,27.9666666667,-82.53333333329999
LBSF,1742,10.0,5.0,5.0,b'\x00\x00\x00\x00\x01\x01\x00\x00\x00)\\\x8f\xc2\xf5XE@\xe2c\x88\x88\x88h7@',2.0,10.7444,3.6128,5.5966,2.1026,60.0,60.0,60.0,1.0,1.0,LB,45.0,small,11.0,42.695,23.4083333333
LBWN,230,10.0,5.0,5.0,b'\x00\x00\x00\x00\x01\x01\x00\x00\x00\xeb\x97\x05[\xb0\x9dE@>\xc4\x89gE\xd3;@',2.0,8.2317,3.3812,4.9715,2.4262,70.0,40.0,80.0,1.0,1.0,LB,45.0,small,5.0,43.23194444439999,27.825277777800004
LCLK,11,10.0,5.0,10.0,b'\x00\x00\x00\x00\x01\x01\x00\x00\x00WR]n\x7fpA@\xf6\x855\xf1\xac\xd0@@',2.0,13.5938,3.7347,5.6642,2.4086,46.0,20.0,60.0,1.0,1.0,LC,45.0,small,10.0,34.8788888889,33.6302777778
LCPH,41,10.0,5.0,10.0,b'\x00\x00\x00\x00\x01\x01\x00\x00\x009\x13\xbfX\xf2[A@\xaeG\xe1z\x14>@@',2.0,11.7682,3.7475,4.8768,2.6116,65.0,20.0,80.0,1.0,1.0,LC,45.0,small,12.0,34.7183333333,32.485
LEAL,142,10.0,5.0,10.0,b'\x00\x00\x00\x00\x01\x01\x00\x00\x00vzo^M$C@Ej\xabh$\xe0\xe1\xbf',1.0,12.2624,4.1273,4.8368,1.6563,41.0,30.0,60.0,1.0,1.0,LE,45.0,medium,9.935,38.2836111111,-0.5586111111
LEBL,14,10.0,5.0,15.0,b'\x00\x00\x00\x00\x01\x01\x00\x00\x00\xa4\xb6\x8aF\x02\xa6D@m\xae\x05:m\xa0\x00@',1.0,16.6328,6.0906,5.0609,2.0886,59.0,49.0,63.0,1.0,1.0,LE,67.0,large,14.902,41.2969444444,2.0783333333000003
LEIB,24,10.0,10.0,10.0,b'\x00\x00\x00\x00\x01\x01\x00\x00\x00\xcd)\xa6.\xb7oC@-J.\x1a\t\xf8\xf5?',1.0,9.8935,4.3771,5.1025,1.7185,41.0,30.0,60.0,1.0,1.0,LE,45.0,small,10.0,38.8727777778,1.3730555556
LEMD,1998,10.0,5.0,15.0,b'\x00\x00\x00\x00\x01\x01\x00\x00\x00\x8fe\x1c\xc7q<D@\xc8=\xc8/\x96|\x0c\xc0',1.0,15.9739,5.0032,8.8742,3.5545,111.0,104.0,114.0,1.0,1.0,LE,72.0,large,17.8874,40.472222222199996,-3.5608333332999997
LEMG,53,10.0,5.0,10.0,b'\x00\x00\x00\x00\x01\x01\x00\x00\x00fffffVB@Y\xeb\xf2\x8b%\xff\x11\xc0',1.0,12.702,4.3171,4.3186,1.7217,48.0,56.0,60.0,1.0,1.0,LE,45.0,medium,10.0,36.675,-4.4991666667
LEPA,27,10.0,10.0,15.0,b'\x00\x00\x00\x00\x01\x01\x00\x00\x00\x8a\xe2i\x03\x9d\xc6C@P\xa0\xe9\x93>\xe9\x05@',1.0,12.3183,4.0845,5.5213,2.5881,41.0,30.0,60.0,1.0,1.0,LE,58.0,medium,14.9848,39.5516666667,2.7388888889
LEVC,240,10.0,5.0,5.0,b'\x00\x00\x00\x00\x01\x01\x00\x00\x00\x15\xf4\x94\x1d\xa6\xbeC@t0Cm\xa0\xd3\xde\xbf',1.0,10.8833,3.7195,4.3803,1.9427,40.0,25.0,60.0,1.0,1.0,LE,45.0,small,10.0,39.4894444444,-0.4816666667
LFBD,166,10.0,5.0,8.0,b'\x00\x00\x00\x00\x01\x01\x00\x00\x00k\xa3\xcb\xed\x0fjF@\x19\x9c\xe68\x8e\xe3\xe6\xbf',1.0,10.6525,3.1669,4.5616,1.7877,30.0,25.0,60.0,1.0,1.0,LF,45.0,small,8.0,44.828611111099995,-0.7152777778
LFBO,499,10.0,5.0,10.0,b'\x00\x00\x00\x00\x01\x01\x00\x00\x00\xe1z\x14\xaeG\xd1E@}\x8b}\xf3j\xe2\xf5?',1.0,9.5017,2.675,4.4446,1.7592,40.0,40.0,60.0,1.0,1.0,LF,45.0,small,9.9627,43.635,1.3677777778
LFLL,821,10.0,15.0,8.0,b'\x00\x00\x00\x00\x01\x01\x00\x00\x00\xd7]#\x01\xdf\xdcF@ \x11\x86\xca\x0eS\x14@',1.0,10.5989,3.6917,5.0194,1.9333,42.0,35.0,60.0,1.0,1.0,LF,45.0,small,7.9829,45.7255555556,5.0811111111
LFML,70,10.0,20.0,10.0,b'\x00\x00\x00\x00\x01\x01\x00\x00\x00k]~\xb1\xe4\xb7E@\\\x8f\xc2\xf5(\xdc\x14@',1.0,10.4389,3.3611,4.8873,1.7494,40.0,35.0,60.0,1.0,1.0,LF,45.0,small,10.0,43.4366666667,5.215
LFMN,13,10.0,15.0,8.0,"b""\x00\x00\x00\x00\x01\x01\x00\x00\x00\n4}\xd2'\xd5E@\\\x8f\xc2\xf5(\xdc\x1c@""",1.0,11.3091,3.7621,4.2873,1.6476,48.0,42.0,60.0,1.0,1.0,LF,45.0,medium,8.0225,43.6652777778,7.215
LFPG,392,10.0,10.0,20.0,b'\x00\x00\x00\x00\x01\x01\x00\x00\x00]2\xe9\x93>\x81H@/\x03\xc9P\xd9a\x04@',1.0,15.6478,5.53,9.5955,3.6827,105.0,99.0,107.0,1.0,1.0,LF,110.0,large,16.6053,49.009722222200004,2.5477777778
LFPO,291,10.0,5.0,10.0,b'\x00\x00\x00\x00\x01\x01\x00\x00\x00\xa9P\xc9/\x96\\H@n\xc6:+\x1a\t\x03@',1.0,11.321,3.9427,5.867999999999999,2.9319,63.0,50.0,67.0,1.0,1.0,LF,61.0,large,9.9246,48.7233333333,2.3794444444
LGAV,308,10.0,5.0,12.0,b'\x00\x00\x00\x00\x01\x01\x00\x00\x00k]~\xb1\xe4\xf7B@?\x96q\x1c\xc7\xf17@',2.0,12.6704,3.909,6.3871,2.5278,48.0,45.0,60.0,1.0,1.0,LG,45.0,medium,11.9386,37.9366666667,23.944444444400002
LGIR,115,10.0,5.0,5.0,b'\x00\x00\x00\x00\x01\x01\x00\x00\x00f\t\x8d\x04|\xabA@\xb8\xd87\xaf&.9@',2.0,9.0213,3.6486,4.5946,1.6235,50.0,20.0,60.0,1.0,1.0,LG,45.0,small,5.0,35.339722222199995,25.1802777778
LGKO,409,10.0,15.0,10.0,b'\x00\x00\x00\x00\x01\x01\x00\x00\x00q\xe00u\xb9eB@\x0bz\xca\x0eS\x17;@',2.0,8.7363,3.9804,4.8767,3.0456,50.0,20.0,60.0,1.0,1.0,LG,45.0,small,9.7813,36.7947222222,27.091111111100002
LGRP,19,10.0,5.0,5.0,b'\x00\x00\x00\x00\x01\x01\x00\x00\x00)\xb9h$\xe03B@*\xff\xb5`\x0b\x16<@',2.0,8.2962,3.1695,5.1046,1.9839,50.0,20.0,60.0,1.0,1.0,LG,45.0,small,5.0,36.4052777778,28.086111111100003
LGSA,490,10.0,5.0,15.0,b'\x00\x00\x00\x00\x01\x01\x00\x00\x00B\xa4\x15\x8d\x04\xc4A@\x9a<\xc07\xaf&8@',2.0,12.5223,5.6991,4.5305,1.5332,50.0,20.0,60.0,1.0,1.0,LG,45.0,small,15.0,35.5313888889,24.1511111111
LGSR,123,10.0,5.0,5.0,b'\x00\x00\x00\x00\x01\x01\x00\x00\x00\x9e\x90\xb1\xe4\x173B@Q\xcf\xaa\xaa\xaaz9@',2.0,7.6888,2.9589999999999996,4.196000000000001,2.3165,50.0,20.0,60.0,1.0,1.0,LG,45.0,small,5.0,36.3991666667,25.4791666667
LGTS,22,10.0,5.0,8.0,b'\x00\x00\x00\x00\x01\x01\x00\x00\x00=\xad\xfdA\x86BD@\xe2c\x88\x88\x88\xf86@',2.0,9.8918,3.6318,5.4029,1.736,48.0,40.0,60.0,1.0,1.0,LG,45.0,small,8.0,40.519722222199995,22.9708333333
LGZA,15,10.0,5.0,5.0,b'\x00\x00\x00\x00\x01\x01\x00\x00\x00\x1a\xeb\xach$\xe0B@\x99\xb0%\xbfX\xe24@',2.0,8.5277,4.1493,4.4898,1.9998,50.0,20.0,60.0,1.0,1.0,LG,45.0,small,5.0,37.7511111111,20.8841666667
LHBP,495,10.0,5.0,10.0,b'\x00\x00\x00\x00\x01\x01\x00\x00\x00\xae\x8d.\xb7?\xb8G@ \x11\x86\xca\x0eC3@',1.0,10.4169,3.7782,4.703,2.4869,46.0,20.0,60.0,1.0,1.0,LH,45.0,small,10.0,47.439444444399996,19.2619444444
LICC,39,10.0,5.0,15.0,b'\x00\x00\x00\x00\x01\x01\x00\x00\x00\x0f\xce\xbb\xbb\xbb\xbbB@{\xce`\x0b\xb6 .@',1.0,12.4146,4.5766,5.0181,2.2184,30.0,25.0,60.0,1.0,1.0,LI,45.0,small,7.0,37.4666666667,15.063888888900001
LICJ,65,10.0,5.0,8.0,b'\x00\x00\x00\x00\x01\x01\x00\x00\x00\x861\x9f\xf4I\x17C@\r\xef\xd8a\xea2*@',1.0,11.7545,3.6698,5.4634,1.7756,42.0,30.0,60.0,1.0,1.0,LI,45.0,small,8.0,38.1819444444,13.099444444400001
LIMC,768,10.0,5.0,10.0,b'\x00\x00\x00\x00\x01\x01\x00\x00\x00q=\n\xd7\xa3\xd0F@y\xfcxV4r!@',1.0,12.6179,4.4057,5.3028,2.1976,74.0,87.0,69.0,1.0,1.0,LI,45.0,medium,12.0118,45.63,8.7230555556
LIME,782,10.0,5.0,10.0,b'\x00\x00\x00\x00\x01\x01\x00\x00\x00\xdd=\xaf&\x9e\xd5F@z\x88\x13\xcf\x8af#@',1.0,15.1864,4.1219,4.6452,1.1354,50.0,20.0,60.0,1.0,1.0,LI,45.0,small,10.0,45.66888888890001,9.7002777778
LIPZ,7,10.0,5.0,10.0,b'\x00\x00\x00\x00\x01\x01\x00\x00\x00\xf5\x855\xf1\xac\xc0F@\xeei\xed\x0f2\xb4(@',1.0,11.5283,4.9579,4.6884,1.8025,35.0,35.0,60.0,1.0,1.0,LI,45.0,small,10.0,45.505277777799996,12.3519444444
LIRF,15,10.0,20.0,15.0,b'\x00\x00\x00\x00\x01\x01\x00\x00\x00\xec\xae\x91\x80o\xe6D@\x15h\xfa\xa4Oz(@',1.0,17.5794,7.4958,8.2051,3.1077,52.0,45.0,60.0,1.0,1.0,LI,74.0,large,14.5932,41.800277777800005,12.238888888900002
LIRN,294,10.0,5.0,10.0,"b'\x00\x00\x00\x00\x01\x01\x00\x00\x00\xd8\xe9\xbdy5qD@g8N\x1b\xe8\x94,@'",1.0,10.9426,3.7885,4.3465,1.7559,40.0,40.0,60.0,1.0,1.0,LI,45.0,small,10.0,40.8844444444,14.290833333299998
LKPR,1247,10.0,10.0,10.0,"b'\x00\x00\x00\x00\x01\x01\x00\x00\x00boN\x1b\xe8\x0cI@\x85\xebQ\xb8\x1e\x85,@'",1.0,10.4374,3.8280000000000003,5.0221,2.2241,31.0,25.0,60.0,1.0,1.0,LK,45.0,medium,9.8804,50.1008333333,14.26
LKTB,778,10.0,5.0,5.0,b'\x00\x00\x00\x00\x01\x01\x00\x00\x00\xd2f\x0b\xb6`\x93H@\x1f\xe2\xc4\xb3\xa2\xb10@',1.0,9.677285534591196,3.564572955974844,4.621850943396225,1.8174679245283014,44.308176100628934,28.836477987421382,62.264150943396224,1.0,1.0,LK,45.0,small,5.0,49.1513888889,16.693888888900002
LLBG,134,10.0,5.0,15.0,b'\x00\x00\x00\x00\x01\x01\x00\x00\x00\xd8\xe9\xbdy5\x01@@\xeb\x0bk\xe2YqA@',2.0,12.013748148148148,4.301655555555556,5.215300000000001,2.1277407407407405,72.0,20.0,90.0,0.0,1.0,LL,45.0,medium,16.4536,32.0094444444,34.8855555556
LMML,300,10.0,5.0,10.0,"b'\x00\x00\x00\x00\x01\x01\x00\x00\x00\xf6(\\\x8f\xc2\xedA@\x14\xaeG\xe1z\xf4,@'",1.0,8.0163,3.9761,3.9683,1.575,39.0,20.0,60.0,1.0,1.0,LM,45.0,small,10.0,35.8575,14.4775
LOWW,600,10.0,5.0,13.0,"b""\x00\x00\x00\x00\x01\x01\x00\x00\x003\x90\x0c\x95\x1d\x0eH@H'\xc8P\xd9\x910@""",1.0,10.5848,4.0476,6.5906,2.3458,30.0,30.0,60.0,1.0,1.0,LO,62.0,medium,12.9786,48.1102777778,16.5697222222
LPFR,24,10.0,5.0,12.0,"b""\x00\x00\x00\x00\x01\x01\x00\x00\x00H'\xc8P\xd9\x81B@\x03\xa4\xcfi\x03\xdd\x1f\xc0""",0.0,10.9583,4.9086,4.551,1.7530000000000001,40.0,40.0,60.0,1.0,1.0,LP,45.0,small,12.0,37.0144444444,-7.9658333333
LPLA,180,10.0,5.0,5.0,b'\x00\x00\x00\x00\x01\x01\x00\x00\x00\x90\x08Ce\x87aC@\x01\xe9s\xda@\x17;\xc0',-1.0,9.677285534591196,3.564572955974844,4.621850943396225,1.8174679245283014,44.308176100628934,28.836477987421382,62.264150943396224,1.0,1.0,LP,45.0,small,5.0,38.7619444444,-27.0908333333
LPMA,192,10.0,10.0,8.0,b'\x00\x00\x00\x00\x01\x01\x00\x00\x00\x94\xb9\rt\xdaX@@\xea\xc5\x1d\xa6.\xc70\xc0',0.0,8.7426,2.8324,4.0671,2.2529,30.0,30.0,60.0,1.0,1.0,LP,45.0,small,8.0,32.6941666667,-16.778055555599998
LPPR,227,10.0,10.0,12.0,b'\x00\x00\x00\x00\x01\x01\x00\x00\x00\xb8\xd87\xaf&\x9eD@\xa2X\x08\x19*[!\xc0',0.0,11.3479,4.1151,4.744,1.6809,52.0,30.0,60.0,1.0,1.0,LP,45.0,small,11.9479,41.2355555556,-8.6780555556
LPPT,374,10.0,5.0,12.0,"b'\x00\x00\x00\x00\x01\x01\x00\x00\x00\x9e\x90\xb1\xe4\x17cC@1aK~\xb1D""\xc0'",0.0,13.2901,4.6014,5.3591,1.7337,56.0,45.0,60.0,1.0,1.0,LP,45.0,medium,11.88,38.7741666667,-9.134166666699999
LROP,314,7.0,5.0,9.0,b'\x00\x00\x00\x00\x01\x01\x00\x00\x00BG<+\x1aIF@\xf6(\\\x8f\xc2\x15:@',2.0,12.533,4.3478,8.0709,2.7987,52.0,45.0,60.0,1.0,1.0,LR,45.0,small,9.0072,44.571111111099995,26.085
LSGG,1411,10.0,5.0,10.0,b'\x00\x00\x00\x00\x01\x01\x00\x00\x00\xfb\x08\xe8\xb4\x81\x1eG@#\xb5U4\x12p\x18@',1.0,10.7846,3.7082,3.6391,1.5325,42.0,40.0,60.0,1.0,1.0,LS,45.0,medium,10.0,46.2383333333,6.1094444444
LSZH,1417,10.0,15.0,15.0,b'\x00\x00\x00\x00\x01\x01\x00\x00\x00\xcd\x86\x7f\x90\xa1\xbaG@\xdfb\xdf\xbc\x9a\x18!@',1.0,11.8918,4.3797,5.0547,1.824,40.0,40.0,60.0,1.0,1.0,LS,64.0,large,10.815,47.458055555600005,8.5480555556
LTAC,3125,10.0,5.0,6.0,b'\x00\x00\x00\x00\x01\x01\x00\x00\x00\xc2\xaf\xdb\x1fd\x10D@\x8f\xc2\xf5(\\\x7f@@',3.0,11.970999999999998,3.4691,7.1851,1.8111,75.0,30.0,90.0,1.0,1.0,LT,45.0,medium,6.0,40.1280555556,32.995
LTAF,65,10.0,5.0,5.0,b'\x00\x00\x00\x00\x01\x01\x00\x00\x00q\xe00u\xb9}B@)\xb9h$\xe0\xa3A@',3.0,10.2222,3.4228,4.5858,1.4529,50.0,30.0,60.0,1.0,1.0,LT,45.0,small,5.0,36.9822222222,35.2802777778
LTAI,177,10.0,5.0,18.0,b'\x00\x00\x00\x00\x01\x01\x00\x00\x00\xb8{^M<sB@\x85\xa5\x04|\xf3\xca>@',3.0,14.3421,4.4827,6.9506,2.6142,50.0,20.0,60.0,1.0,1.0,LT,51.0,large,17.9754,36.9002777778,30.7927777778
LTAJ,2315,10.0,5.0,5.0,b'\x00\x00\x00\x00\x01\x01\x00\x00\x00f\xc3?\xc8PyB@$\x1f*;L\xbdB@',3.0,9.677285534591196,3.564572955974844,4.621850943396225,1.8174679245283014,44.308176100628934,28.836477987421382,62.264150943396224,1.0,1.0,LT,45.0,small,5.0,36.9477777778,37.4788888889
LTBA,163,15.0,15.0,20.0,b'\x00\x00\x00\x00\x01\x01\x00\x00\x00\xe7\xb7y5\xf1|D@G\xf8\x06:m\xd0<@',3.0,19.814,7.3313,10.3125,4.8183,64.0,30.0,75.0,1.0,1.0,LT,72.0,large,24.0472,40.9761111111,28.8141666667
LTBJ,410,10.0,5.0,10.0,"b""\x00\x00\x00\x00\x01\x01\x00\x00\x00\xf0H\xd0i\x03%C@H\xe1z\x14\xae';@""",3.0,11.9043,3.222,5.1339,1.6539,50.0,20.0,60.0,1.0,1.0,LT,45.0,medium,10.0,38.2891666667,27.155
LTBS,20,10.0,5.0,15.0,b'\x00\x00\x00\x00\x01\x01\x00\x00\x0033333[B@G>Tv\x98\xca<@',3.0,11.5139,3.3617,5.1846,1.9011,50.0,20.0,60.0,1.0,1.0,LT,45.0,small,15.0,36.7125,28.7913888889
LTBY,2599,10.0,5.0,5.0,b'\x00\x00\x00\x00\x01\x01\x00\x00\x00\x00\x00\x00\x00\x00\xe8C@\x98\r\xff C\x85>@',3.0,9.677285534591196,3.564572955974844,4.621850943396225,1.8174679245283014,44.308176100628934,28.836477987421382,62.264150943396224,1.0,1.0,LT,45.0,small,5.0,39.8125,30.520555555599998
LTFE,21,10.0,5.0,5.0,b'\x00\x00\x00\x00\x01\x01\x00\x00\x00\xc3\x98O\xfa\xa4\x9fB@\xeb\xae\x91\x80o\xae;@',3.0,10.5221,3.2999,6.0278,1.9995,50.0,20.0,60.0,1.0,1.0,LT,45.0,small,5.0,37.2472222222,27.6813888889
LTFJ,312,10.0,5.0,10.0,b'\x00\x00\x00\x00\x01\x01\x00\x00\x00\x10\xb7/\x96\xfcrD@f}\xf2\x8b%O=@',3.0,16.0007,6.4345,5.9043,1.8087,50.0,20.0,60.0,1.0,1.0,LT,45.0,medium,10.5094,40.8983333333,29.3091666667
LUKK,399,10.0,5.0,10.0,b'\x00\x00\x00\x00\x01\x01\x00\x00\x00\xa3\xcd\x16l\xc1vG@\xd8\x8c\xe4\x17K\xee<@',2.0,9.4851,3.0132,5.6548,2.4943,50.0,20.0,60.0,1.0,1.0,LU,45.0,small,10.0,46.927777777799996,28.9308333333
LWSK,781,10.0,5.0,5.0,b'\x00\x00\x00\x00\x01\x01\x00\x00\x00\x9e\x90\xb1\xe4\x17\xfbD@\\\xec\x9bW\x13\x9f5@',1.0,10.5855,3.5001,5.0744,2.6953,52.0,30.0,60.0,1.0,1.0,LW,45.0,small,5.0,41.9616666667,21.6213888889
LYBE,336,10.0,5.0,10.0,b'\x00\x00\x00\x00\x01\x01\x00\x00\x00\x1f\xcb8\x8e\xe3hF@\x0bc>\xe9\x93N4@',1.0,10.7817,3.3201,4.8395,1.7414,52.0,30.0,60.0,1.0,1.0,LY,45.0,small,10.0,44.8194444444,20.3069444444
LZIB,436,10.0,5.0,6.0,b'\x00\x00\x00\x00\x01\x01\x00\x00\x00\xf6(\\\x8f\xc2\x15H@p\xf7\xbc\x9ax61@',1.0,10.3584,3.8367,5.0254,2.23,45.0,30.0,60.0,1.0,1.0,LZ,45.0,small,6.0,48.17,17.2127777778
MDPC,0,0.0,0.0,0.0,b'\x00\x00\x00\x00\x01\x01\x00\x00\x00\x0b\xc0\x17K~\x912@\xc0\x05c\xc9/\x16Q\xc0',-4.0,12.013748148148148,4.301655555555556,5.215300000000001,2.1277407407407405,45.51851851851852,34.51851851851852,61.44444444444444,0.0,0.0,M,45.0,medium,10.0,18.5683333333,-68.3466666667
MDSD,0,0.0,0.0,0.0,b'\x00\x00\x00\x00\x01\x01\x00\x00\x00\x00\x00\x00\x00\x00\x802@\xdf\x8aN\x1b\xe8|Q\xc0',-4.0,12.013748148148148,4.301655555555556,5.215300000000001,2.1277407407407405,45.51851851851852,34.51851851851852,61.44444444444444,0.0,0.0,M,45.0,medium,10.0,18.5,-69.9516666667
MKJS,0,0.0,0.0,0.0,b'\x00\x00\x00\x00\x01\x01\x00\x00\x00\xb9\x07\xf9\xc5\x92\x7f2@33333{S\xc0',-5.0,12.013748148148148,4.301655555555556,5.215300000000001,2.1277407407407405,45.51851851851852,34.51851851851852,61.44444444444444,0.0,0.0,M,45.0,medium,10.0,18.4983333333,-77.925
MMMX,0,0.0,0.0,0.0,b'\x00\x00\x00\x00\x01\x01\x00\x00\x00\x8f\xc2\xf5(\\o3@\xcd\xcc\xcc\xcc\xcc\xc4X\xc0',-6.0,12.013748148148148,4.301655555555556,5.215300000000001,2.1277407407407405,121.0,90.0,132.0,0.0,0.0,M,45.0,medium,10.0,19.435,-99.075
MMPR,0,0.0,0.0,0.0,b'\x00\x00\x00\x00\x01\x01\x00\x00\x00H\xca\xee\xee\xee\xae4@\x00\x00\x00\x00\x00PZ\xc0',-6.0,12.013748148148148,4.301655555555556,5.215300000000001,2.1277407407407405,45.51851851851852,34.51851851851852,61.44444444444444,0.0,0.0,M,45.0,medium,10.0,20.6833333333,-105.25
MMUN,0,0.0,0.0,0.0,b'\x00\x00\x00\x00\x01\x01\x00\x00\x00fffff&5@\x00\x00\x00\x00\x00\xb0U\xc0',-5.0,12.013748148148148,4.301655555555556,5.215300000000001,2.1277407407407405,54.0,20.0,65.0,0.0,0.0,M,45.0,medium,10.0,21.15,-86.75
MROC,0,0.0,0.0,0.0,b'\x00\x00\x00\x00\x01\x01\x00\x00\x00+.www\xf7#@nMDDD\x04U\xc0',-6.0,12.013748148148148,4.301655555555556,5.215300000000001,2.1277407407407405,45.51851851851852,34.51851851851852,61.44444444444444,0.0,0.0,M,45.0,medium,10.0,9.983333333300001,-84.0666666667
MUHA,0,0.0,0.0,0.0,b'\x00\x00\x00\x00\x01\x01\x00\x00\x00\x00\x00\x00\x00\x00\x007@\xd4\xb3\xaa\xaa\xaa\x9aT\xc0',-5.0,12.013748148148148,4.301655555555556,5.215300000000001,2.1277407407407405,45.51851851851852,34.51851851851852,61.44444444444444,0.0,0.0,M,45.0,medium,10.0,23.0,-82.4166666667
OBBI,0,0.0,0.0,0.0,b'\x00\x00\x00\x00\x01\x01\x00\x00\x00\xcd\xcc\xcc\xcc\xccL:@\xbe\xfe\x10\x11\x11QI@',3.0,12.013748148148148,4.301655555555556,5.215300000000001,2.1277407407407405,50.0,20.0,60.0,0.0,0.0,O,45.0,medium,10.0,26.3,50.6333333333
OEDF,0,0.0,0.0,0.0,b'\x00\x00\x00\x00\x01\x01\x00\x00\x00\xcc@2Tvx:@C\xeab\xc9/\xe6H@',3.0,12.013748148148148,4.301655555555556,5.215300000000001,2.1277407407407405,45.51851851851852,34.51851851851852,61.44444444444444,0.0,0.0,O,45.0,medium,10.0,26.4705555556,49.7983333333
OEGS,0,0.0,0.0,0.0,b'\x00\x00\x00\x00\x01\x01\x00\x00\x00\xe2c\x88\x88\x88H:@\xcd\xcc\xcc\xcc\xcc\xecE@',3.0,12.013748148148148,4.301655555555556,5.215300000000001,2.1277407407407405,45.51851851851852,34.51851851851852,61.44444444444444,0.0,0.0,O,45.0,medium,10.0,26.2833333333,43.85
OEJN,0,0.0,0.0,0.0,b'\x00\x00\x00\x00\x01\x01\x00\x00\x00\xe2\x1d;L]\xae5@)\xb9h$\xe0\x93C@',3.0,12.013748148148148,4.301655555555556,5.215300000000001,2.1277407407407405,45.51851851851852,34.51851851851852,61.44444444444444,0.0,0.0,O,45.0,medium,10.0,21.6811111111,39.1552777778
OERK,0,0.0,0.0,0.0,b'\x00\x00\x00\x00\x01\x01\x00\x00\x00\x1e\x9cwww\xf78@\x9a\x99\x99\x99\x99YG@',3.0,12.013748148148148,4.301655555555556,5.215300000000001,2.1277407407407405,45.51851851851852,34.51851851851852,61.44444444444444,0.0,0.0,O,45.0,medium,10.0,24.9666666667,46.7
OIIE,3305,10.0,5.0,10.0,b'\x00\x00\x00\x00\x01\x01\x00\x00\x00\x9f\xd6\xfe C\xb5A@g\t\x8d\x04|\x93I@',4.0,12.013748148148148,4.301655555555556,5.215300000000001,2.1277407407407405,45.51851851851852,34.51851851851852,61.44444444444444,0.0,0.0,OI,45.0,medium,10.0,35.4161111111,51.1522222222
OJAI,2397,0.0,0.0,10.0,b'\x00\x00\x00\x00\x01\x01\x00\x00\x00)\\\x8f\xc2\xf5\xb8?@lF\xf2\x8b%\xffA@',2.0,12.013748148148148,4.301655555555556,5.215300000000001,2.1277407407407405,49.0,30.0,60.0,0.0,0.0,OJ,45.0,medium,10.0,31.7225,35.9933333333
OJAQ,175,0.0,0.0,10.0,b'\x00\x00\x00\x00\x01\x01\x00\x00\x00\xa3\x87\xc9/\x96\x9c=@\x14h\xfa\xa4O\x82A@',2.0,12.013748148148148,4.301655555555556,5.215300000000001,2.1277407407407405,45.51851851851852,34.51851851851852,61.44444444444444,0.0,0.0,OJ,45.0,medium,10.0,29.6116666667,35.0180555556
OKBK,0,0.0,0.0,0.0,b'\x00\x00\x00\x00\x01\x01\x00\x00\x00\x1e\x9cwww7=@\x0f\xce\xbb\xbb\xbb\xfbG@',3.0,12.013748148148148,4.301655555555556,5.215300000000001,2.1277407407407405,45.51851851851852,34.51851851851852,61.44444444444444,0.0,0.0,O,45.0,medium,10.0,29.2166666667,47.9666666667
OLBA,0,10.0,5.0,10.0,b'\x00\x00\x00\x00\x01\x01\x00\x00\x00\x94\xb9\rt\xda\xe8@@\x1f\x85\xebQ\xb8\xbeA@',2.0,12.013748148148148,4.301655555555556,5.215300000000001,2.1277407407407405,32.0,20.0,60.0,0.0,1.0,OL,45.0,medium,10.0,33.8191666667,35.49
OMAA,0,0.0,0.0,0.0,b'\x00\x00\x00\x00\x01\x01\x00\x00\x00H\xca\xee\xee\xeen8@33333SK@',4.0,12.013748148148148,4.301655555555556,5.215300000000001,2.1277407407407405,60.0,60.0,60.0,0.0,0.0,OM,45.0,medium,10.0,24.4333333333,54.65
OMDB,0,0.0,0.0,0.0,b'\x00\x00\x00\x00\x01\x01\x00\x00\x00\xd7\xba\xfcb\xc9?9@\xaeG\xe1z\x14\xaeK@',4.0,12.013748148148148,4.301655555555556,5.215300000000001,2.1277407407407405,54.0,20.0,65.0,0.0,0.0,OM,45.0,medium,10.0,25.249166666700003,55.36
OMSJ,0,0.0,0.0,0.0,"b'\x00\x00\x00\x00\x01\x01\x00\x00\x00\xaf0UUUU9@u4""""""\xc2K@'",4.0,12.013748148148148,4.301655555555556,5.215300000000001,2.1277407407407405,45.51851851851852,34.51851851851852,61.44444444444444,0.0,0.0,OM,45.0,medium,10.0,25.3333333333,55.5166666667
OOMS,0,0.0,0.0,0.0,"b'\x00\x00\x00\x00\x01\x01\x00\x00\x00\xaf0UUU\x957@u4""""""""M@'",4.0,12.013748148148148,4.301655555555556,5.215300000000001,2.1277407407407405,45.51851851851852,34.51851851851852,61.44444444444444,0.0,0.0,O,45.0,medium,10.0,23.5833333333,58.2666666667
ORSU,2492,0.0,0.0,0.0,b'\x00\x00\x00\x00\x01\x01\x00\x00\x00\xdc\x83\xfcb\xc9\xc7A@4\xd6Y\xd1H\xa8F@',3.0,12.013748148148148,4.301655555555556,5.215300000000001,2.1277407407407405,45.51851851851852,34.51851851851852,61.44444444444444,0.0,0.0,OR,45.0,medium,12.0137,35.560833333299996,45.314722222200004
RCTP,0,0.0,0.0,0.0,b'\x00\x00\x00\x00\x01\x01\x00\x00\x00\xb85\x11\x11\x11\x119@33333c^@',8.0,12.013748148148148,4.301655555555556,5.215300000000001,2.1277407407407405,45.51851851851852,34.51851851851852,61.44444444444444,0.0,0.0,Z,45.0,medium,10.0,25.0666666667,121.55
RJAA,0,0.0,0.0,0.0,b'\x00\x00\x00\x00\x01\x01\x00\x00\x00\xbe\xfe\x10\x11\x11\xe1A@S\xb0\x81N\x1b\x8ca@',9.0,12.013748148148148,4.301655555555556,5.215300000000001,2.1277407407407405,83.0,40.0,98.0,0.0,0.0,Z,45.0,medium,10.0,35.7583333333,140.3783333333
RJBB,0,0.0,0.0,0.0,"b""\x00\x00\x00\x00\x01\x01\x00\x00\x00\xb3'm\xa0\xd36A@\x9b\x91\xfcb\xc9\xe7`@""",9.0,12.013748148148148,4.301655555555556,5.215300000000001,2.1277407407407405,45.51851851851852,34.51851851851852,61.44444444444444,0.0,0.0,Z,45.0,medium,10.0,34.428333333299996,135.2433333333
RJTT,0,0.0,0.0,0.0,b'\x00\x00\x00\x00\x01\x01\x00\x00\x00\xfb\x1ft\xda@\xc7A@\x1d\x8d\x88\x88\x88xa@',9.0,12.013748148148148,4.301655555555556,5.215300000000001,2.1277407407407405,45.51851851851852,34.51851851851852,61.44444444444444,0.0,0.0,Z,45.0,medium,10.0,35.5566666667,139.7666666667
RKSI,0,0.0,0.0,0.0,b'\x00\x00\x00\x00\x01\x01\x00\x00\x0033333\xbbB@\x12\xbe\x81N\x1b\x9c_@',9.0,12.013748148148148,4.301655555555556,5.215300000000001,2.1277407407407405,45.51851851851852,34.51851851851852,61.44444444444444,0.0,0.0,Z,45.0,medium,10.0,37.4625,126.4391666667
RPLL,0,0.0,0.0,0.0,b'\x00\x00\x00\x00\x01\x01\x00\x00\x00\x00\x00\x00\x00\x00\x00-@\x00\x00\x00\x00\x00@^@',8.0,12.013748148148148,4.301655555555556,5.215300000000001,2.1277407407407405,45.51851851851852,34.51851851851852,61.44444444444444,0.0,0.0,Z,45.0,medium,11.8378,14.5,121.0
SAEZ,0,0.0,0.0,0.0,b'\x00\x00\x00\x00\x01\x01\x00\x00\x00)\\\x8f\xc2\xf5hA\xc0\xf0H\xd0i\x03-M\xc0',-3.0,12.013748148148148,4.301655555555556,5.215300000000001,2.1277407407407405,60.0,60.0,60.0,0.0,0.0,S,45.0,medium,10.0,-34.82,-58.3516666667
SBBR,0,0.0,0.0,0.0,b'\x00\x00\x00\x00\x01\x01\x00\x00\x00\xed#\xa0\xd3\x06\xba/\xc0boN\x1b\xe8\xf4G\xc0',-3.0,12.013748148148148,4.301655555555556,5.215300000000001,2.1277407407407405,45.51851851851852,34.51851851851852,61.44444444444444,0.0,0.0,S,45.0,medium,10.0,-15.8633333333,-47.9133333333
SBCF,0,0.0,0.0,0.0,b'\x00\x00\x00\x00\x01\x01\x00\x00\x00\x9a\x99\x99\x99\x99\xd93\xc0\x9a\x99\x99\x99\x99\xf9E\xc0',-3.0,12.013748148148148,4.301655555555556,5.215300000000001,2.1277407407407405,45.51851851851852,34.51851851851852,61.44444444444444,0.0,0.0,S,45.0,medium,10.0,-19.85,-43.95
SBFZ,0,0.0,0.0,0.0,b'\x00\x00\x00\x00\x01\x01\x00\x00\x00\x10\x1fCDDD\x0e\xc0\xf11DDDDC\xc0',-3.0,12.013748148148148,4.301655555555556,5.215300000000001,2.1277407407407405,45.51851851851852,34.51851851851852,61.44444444444444,0.0,0.0,S,45.0,medium,10.0,-3.7833333333,-38.5333333333
SBGL,0,0.0,0.0,0.0,b'\x00\x00\x00\x00\x01\x01\x00\x00\x00H\xca\xee\xee\xee\xce6\xc0lF\xf2\x8b%\x9fE\xc0',-3.0,12.013748148148148,4.301655555555556,5.215300000000001,2.1277407407407405,79.0,60.0,85.0,0.0,0.0,S,45.0,medium,10.0,-22.8083333333,-43.2433333333
SBGR,0,0.0,0.0,0.0,b'\x00\x00\x00\x00\x01\x01\x00\x00\x00H\xca\xee\xee\xeen7\xc0\\\x8f\xc2\xf5(<G\xc0',-3.0,12.013748148148148,4.301655555555556,5.215300000000001,2.1277407407407405,68.0,60.0,70.0,0.0,0.0,S,45.0,medium,10.0,-23.4333333333,-46.47
SBSV,0,0.0,0.0,0.0,b'\x00\x00\x00\x00\x01\x01\x00\x00\x00\xa3\x9eUUU\xd5)\xc0W\x98\xaa\xaa\xaa*C\xc0',-3.0,12.013748148148148,4.301655555555556,5.215300000000001,2.1277407407407405,45.51851851851852,34.51851851851852,61.44444444444444,0.0,0.0,S,45.0,medium,10.0,-12.916666666700001,-38.3333333333
SCEL,0,0.0,0.0,0.0,b'\x00\x00\x00\x00\x01\x01\x00\x00\x00.<\x1b\xe8\xb4\xb1@\xc0\xb17\xa7\rt\xb2Q\xc0',-4.0,12.013748148148148,4.301655555555556,5.215300000000001,2.1277407407407405,45.51851851851852,34.51851851851852,61.44444444444444,0.0,0.0,S,45.0,medium,10.0,-33.3883333333,-70.7883333333
SKBO,0,0.0,0.0,0.0,b'\x00\x00\x00\x00\x01\x01\x00\x00\x00\xcd\xcc\xcc\xcc\xcc\xcc\x12@\x9a\x99\x99\x99\x99\x89R\xc0',-5.0,12.013748148148148,4.301655555555556,5.215300000000001,2.1277407407407405,45.51851851851852,34.51851851851852,61.44444444444444,0.0,0.0,S,45.0,medium,10.0,4.7,-74.15
SLVR,0,0.0,0.0,0.0,"b'\x00\x00\x00\x00\x01\x01\x00\x00\x00{\xfd!""""\xa21\xc0\xbe\xfe\x10\x11\x11\x91O\xc0'",-4.0,12.013748148148148,4.301655555555556,5.215300000000001,2.1277407407407405,45.51851851851852,34.51851851851852,61.44444444444444,0.0,0.0,S,45.0,medium,10.0,-17.633333333299998,-63.1333333333
SMJP,0,0.0,0.0,0.0,b'\x00\x00\x00\x00\x01\x01\x00\x00\x00wp\xde\xdd\xdd\xdd\x15@\x9a\x99\x99\x99\x99\x99K\xc0',-3.0,12.013748148148148,4.301655555555556,5.215300000000001,2.1277407407407405,45.51851851851852,34.51851851851852,61.44444444444444,0.0,0.0,S,45.0,medium,10.0,5.466666666699999,-55.2
SOCA,0,0.0,0.0,0.0,b'\x00\x00\x00\x00\x01\x01\x00\x00\x00!\x9d CeG\x13@\\\xd5\x0f2T.J\xc0',-3.0,12.013748148148148,4.301655555555556,5.215300000000001,2.1277407407407405,45.51851851851852,34.51851851851852,61.44444444444444,0.0,0.0,S,45.0,medium,10.0,4.8197222222,-52.361944444399995
SPIM,0,0.0,0.0,0.0,b'\x00\x00\x00\x00\x01\x01\x00\x00\x00\xd6\xd1\x88\x88\x88\x08(\xc0\xa1\x80wwwGS\xc0',-5.0,12.013748148148148,4.301655555555556,5.215300000000001,2.1277407407407405,45.51851851851852,34.51851851851852,61.44444444444444,0.0,0.0,S,45.0,medium,10.0,-12.0166666667,-77.1166666667
SUMU,0,0.0,0.0,0.0,b'\x00\x00\x00\x00\x01\x01\x00\x00\x00\xc8\xd5\xb4\x81NkA\xc0\xa4p=\n\xd7\x03L\xc0',-3.0,12.013748148148148,4.301655555555556,5.215300000000001,2.1277407407407405,45.51851851851852,34.51851851851852,61.44444444444444,0.0,0.0,S,45.0,medium,10.0,-34.8383333333,-56.03
SVMI,0,0.0,0.0,0.0,b'\x00\x00\x00\x00\x01\x01\x00\x00\x00333333%@\xc5\xe5\xee\xee\xee\xbeP\xc0',-4.0,12.013748148148148,4.301655555555556,5.215300000000001,2.1277407407407405,45.51851851851852,34.51851851851852,61.44444444444444,0.0,0.0,S,45.0,medium,10.0,10.6,-66.9833333333
TBPB,0,0.0,0.0,0.0,"b'\x00\x00\x00\x00\x01\x01\x00\x00\x00pk""""""""*@\x00\x00\x00\x00\x00\xc0M\xc0'",-4.0,12.013748148148148,4.301655555555556,5.215300000000001,2.1277407407407405,45.51851851851852,34.51851851851852,61.44444444444444,0.0,0.0,T,45.0,medium,10.0,13.066666666700002,-59.5
TFFF,0,0.0,0.0,0.0,b'\x00\x00\x00\x00\x01\x01\x00\x00\x00]a\xaa\xaa\xaa*-@\x00\x00\x00\x00\x00\x80N\xc0',-4.0,12.013748148148148,4.301655555555556,5.215300000000001,2.1277407407407405,45.51851851851852,34.51851851851852,61.44444444444444,0.0,0.0,T,45.0,medium,10.0,14.583333333299999,-61.0
TFFR,0,0.0,0.0,0.0,b'\x00\x00\x00\x00\x01\x01\x00\x00\x00\x01\x8c\x9axVD0@#\xc2P\xd9a\xc2N\xc0',-4.0,12.013748148148148,4.301655555555556,5.215300000000001,2.1277407407407405,45.51851851851852,34.51851851851852,61.44444444444444,0.0,0.0,T,45.0,medium,10.0,16.2669444444,-61.51861111109999
TLPL,0,0.0,0.0,0.0,b'\x00\x00\x00\x00\x01\x01\x00\x00\x00*.wwww+@.<\x1b\xe8\xb4yN\xc0',-4.0,12.013748148148148,4.301655555555556,5.215300000000001,2.1277407407407405,45.51851851851852,34.51851851851852,61.44444444444444,0.0,0.0,T,45.0,medium,10.0,13.7333333333,-60.9508333333
TNCC,0,0.0,0.0,0.0,b'\x00\x00\x00\x00\x01\x01\x00\x00\x00ffffff(@\xcd\xcc\xcc\xcc\xcc<Q\xc0',-4.0,12.013748148148148,4.301655555555556,5.215300000000001,2.1277407407407405,45.51851851851852,34.51851851851852,61.44444444444444,0.0,0.0,T,45.0,medium,10.0,12.2,-68.95
TNCM,0,0.0,0.0,0.0,b'\x00\x00\x00\x00\x01\x01\x00\x00\x00\x1f\xcb8\x8e\xe3\x082@\xf0H\xd0i\x03\x8dO\xc0',-4.0,12.013748148148148,4.301655555555556,5.215300000000001,2.1277407407407405,45.51851851851852,34.51851851851852,61.44444444444444,0.0,0.0,T,45.0,medium,10.0,18.0347222222,-63.1016666667
UAAA,2234,0.0,0.0,0.0,b'\x00\x00\x00\x00\x01\x01\x00\x00\x00{Z\xfb\x83\x0c\xadE@H>Tv\x98BS@',6.0,12.013748148148148,4.301655555555556,5.215300000000001,2.1277407407407405,45.51851851851852,34.51851851851852,61.44444444444444,0.0,0.0,UA,45.0,medium,10.0,43.3519444444,77.04055555560001
UACC,1165,0.0,0.0,0.0,b'\x00\x00\x00\x00\x01\x01\x00\x00\x00\xf6\xcb\x82-\xd8\x82I@\xcdo\xf3j\xe2\xddQ@',6.0,12.013748148148148,4.301655555555556,5.215300000000001,2.1277407407407405,45.51851851851852,34.51851851851852,61.44444444444444,0.0,0.0,UA,45.0,medium,10.0,51.0222222222,71.4669444444
UBBB,10,10.0,5.0,10.0,b'\x00\x00\x00\x00\x01\x01\x00\x00\x00\xd7F\x97\xdb\x1f<D@\x05\x9a>\xe9\x93\x06I@',4.0,9.677285534591196,3.564572955974844,4.621850943396225,1.8174679245283014,44.308176100628934,28.836477987421382,62.264150943396224,1.0,0.0,UB,45.0,small,10.0,40.4697222222,50.0513888889
UDYZ,2838,10.0,5.0,10.0,b'\x00\x00\x00\x00\x01\x01\x00\x00\x00\xf6\xcb\x82-\xd8\x12D@W\x98\xaa\xaa\xaa2F@',4.0,12.5892,3.8759,4.5801,2.0642,225.0,180.0,240.0,1.0,1.0,UD,45.0,small,10.0,40.1472222222,44.3958333333
UGTB,1624,10.0,5.0,10.0,b'\x00\x00\x00\x00\x01\x01\x00\x00\x00a\x86\xda@\xa7\xd5D@\x86\x8exV4zF@',4.0,11.8246,3.5577,7.3954,2.5222,50.0,20.0,60.0,0.0,0.0,UG,45.0,small,10.0,41.6691666667,44.954722222200004
UIII,1673,0.0,0.0,0.0,"b'\x00\x00\x00\x00\x01\x01\x00\x00\x00u4""""""""J@\xe1z\x14\xaeG\x19Z@'",8.0,12.013748148148148,4.301655555555556,5.215300000000001,2.1277407407407405,45.51851851851852,34.51851851851852,61.44444444444444,0.0,0.0,U,45.0,medium,10.0,52.2666666667,104.395
UKBB,427,10.0,5.0,15.0,"b'\x00\x00\x00\x00\x01\x01\x00\x00\x00\xd8F\x97\xdb\x1f,I@>\xf3J~\xb1\xe4>@'",2.0,11.5978,3.6471,5.1571,1.985,120.0,120.0,120.0,1.0,1.0,UK,45.0,small,12.1154,50.344722222200005,30.8933333333
ULAA,62,0.0,0.0,0.0,b'\x00\x00\x00\x00\x01\x01\x00\x00\x00\xa9\n|\xf3j&P@\x0f\xce\xbb\xbb\xbb[D@',3.0,12.013748148148148,4.301655555555556,5.215300000000001,2.1277407407407405,45.51851851851852,34.51851851851852,61.44444444444444,0.0,0.0,U,45.0,medium,10.0,64.6002777778,40.7166666667
ULLI,79,10.0,5.0,10.0,b'\x00\x00\x00\x00\x01\x01\x00\x00\x00\xeb\xae\x91\x80o\xe6M@33333C>@',3.0,12.013748148148148,4.301655555555556,5.215300000000001,2.1277407407407405,120.0,60.0,140.0,0.0,0.0,U,45.0,medium,10.0,59.8002777778,30.2625
UMMS,669,10.0,5.0,10.0,b'\x00\x00\x00\x00\x01\x01\x00\x00\x00)\\\x8f\xc2\xf5\xf0J@q&~\xb1\xe4\x07<@',3.0,12.013748148148148,4.301655555555556,5.215300000000001,2.1277407407407405,45.51851851851852,34.51851851851852,61.44444444444444,0.0,1.0,UM,45.0,medium,10.0,53.8825,28.0308333333
UNNT,365,0.0,0.0,0.0,b'\x00\x00\x00\x00\x01\x01\x00\x00\x00\x05\xf7\x17K~\x81K@\xabW\x1b\xe8\xb4\xa9T@',7.0,12.013748148148148,4.301655555555556,5.215300000000001,2.1277407407407405,45.51851851851852,34.51851851851852,61.44444444444444,0.0,0.0,U,45.0,medium,10.0,55.0116666667,82.6516666667
UNOO,312,0.0,0.0,0.0,b'\x00\x00\x00\x00\x01\x01\x00\x00\x00\x0f\xce\xbb\xbb\xbb{K@\xa4p=\n\xd7SR@',6.0,12.013748148148148,4.301655555555556,5.215300000000001,2.1277407407407405,45.51851851851852,34.51851851851852,61.44444444444444,0.0,0.0,U,45.0,medium,10.0,54.9666666667,73.31
UNTT,607,0.0,0.0,0.0,b'\x00\x00\x00\x00\x01\x01\x00\x00\x003\xed\xe5\xf6\x071L@\xc3R\x02\xbeyMU@',7.0,12.013748148148148,4.301655555555556,5.215300000000001,2.1277407407407405,45.51851851851852,34.51851851851852,61.44444444444444,0.0,0.0,U,45.0,medium,10.0,56.3830555556,85.21055555560001
URMM,1053,10.0,5.0,10.0,b'\x00\x00\x00\x00\x01\x01\x00\x00\x00\xf0H\xd0i\x03\x1dF@\xcd\x86\x7f\x90\xa1\x8aE@',3.0,12.013748148148148,4.301655555555556,5.215300000000001,2.1277407407407405,45.51851851851852,34.51851851851852,61.44444444444444,0.0,0.0,U,45.0,medium,10.0,44.2266666667,43.083055555600005
URMT,1486,10.0,5.0,10.0,"b'\x00\x00\x00\x00\x01\x01\x00\x00\x00\x19\xa5_,\xf9\x8dF@\xe1\x1d;L]\x0eE@'",3.0,12.013748148148148,4.301655555555556,5.215300000000001,2.1277407407407405,45.51851851851852,34.51851851851852,61.44444444444444,0.0,0.0,U,45.0,medium,10.0,45.1091666667,42.112222222199996
USCC,769,0.0,0.0,0.0,b'\x00\x00\x00\x00\x01\x01\x00\x00\x00\xd7\xa3p=\n\xa7K@q=\n\xd7\xa3\xc0N@',5.0,12.013748148148148,4.301655555555556,5.215300000000001,2.1277407407407405,45.51851851851852,34.51851851851852,61.44444444444444,0.0,0.0,U,45.0,medium,10.0,55.305,61.505
USPP,406,0.0,0.0,0.0,b'\x00\x00\x00\x00\x01\x01\x00\x00\x00{Z\xfb\x83\x0c\xf5L@b)\x01\xdf\xbc\x02L@',5.0,12.013748148148148,4.301655555555556,5.215300000000001,2.1277407407407405,45.51851851851852,34.51851851851852,61.44444444444444,0.0,0.0,U,45.0,medium,10.0,57.9144444444,56.021388888900006
USRR,200,0.0,0.0,0.0,b'\x00\x00\x00\x00\x01\x01\x00\x00\x00\x0f\xce\xbb\xbb\xbb\xabN@R\xb8\x1e\x85\xebYR@',5.0,12.013748148148148,4.301655555555556,5.215300000000001,2.1277407407407405,45.51851851851852,34.51851851851852,61.44444444444444,0.0,0.0,U,45.0,medium,10.0,61.3416666667,73.405
USSS,764,0.0,0.0,0.0,b'\x00\x00\x00\x00\x01\x01\x00\x00\x00\xe14\xc7q\x1c_L@)\x16B\x86\xcafN@',5.0,12.013748148148148,4.301655555555556,5.215300000000001,2.1277407407407405,45.51851851851852,34.51851851851852,61.44444444444444,0.0,0.0,U,45.0,medium,10.0,56.7430555556,60.803055555600004
UTAA,692,0.0,0.0,0.0,b'\x00\x00\x00\x00\x01\x01\x00\x00\x00B\x01\xef\xee\xee\xfeB@\xfb\x08\xe8\xb4\x81.M@',5.0,12.013748148148148,4.301655555555556,5.215300000000001,2.1277407407407405,45.51851851851852,34.51851851851852,61.44444444444444,0.0,0.0,UT,45.0,medium,10.0,37.9916666667,58.3633333333
UTTT,1414,0.0,0.0,0.0,"b'\x00\x00\x00\x00\x01\x01\x00\x00\x00\x94\xb9\rt\xda\xa0D@\xf8\x18""""""RQ@'",5.0,12.013748148148148,4.301655555555556,5.215300000000001,2.1277407407407405,45.51851851851852,34.51851851851852,61.44444444444444,0.0,0.0,UT,45.0,medium,10.0,41.2566666667,69.28333333329999
UUDD,587,10.0,5.0,10.0,b'\x00\x00\x00\x00\x01\x01\x00\x00\x00uzo^M\xb4K@B\xa4\x15\x8d\x04\xf4B@',3.0,12.013748148148148,4.301655555555556,5.215300000000001,2.1277407407407405,85.0,60.0,93.0,0.0,0.0,U,45.0,medium,10.0,55.408611111099994,37.9063888889
UUEE,630,10.0,5.0,10.0,b'\x00\x00\x00\x00\x01\x01\x00\x00\x00\x14\xaeG\xe1z\xfcK@\xd6]#\x01\xdf\xb4B@',3.0,12.013748148148148,4.301655555555556,5.215300000000001,2.1277407407407405,112.0,52.0,132.0,0.0,0.0,U,45.0,medium,10.0,55.9725,37.413055555599996
UUWW,686,10.0,5.0,10.0,b'\x00\x00\x00\x00\x01\x01\x00\x00\x008*K~\xb1\xccK@\x85\xa5\x04|\xf3\xa2B@',3.0,12.013748148148148,4.301655555555556,5.215300000000001,2.1277407407407405,90.0,90.0,90.0,0.0,0.0,U,45.0,medium,10.0,55.5991666667,37.2730555556
UWGG,256,10.0,5.0,10.0,b'\x00\x00\x00\x00\x01\x01\x00\x00\x00=\n\xd7\xa3p\x1dL@\x80\x0b\xc6\x92_\xe4E@',3.0,12.013748148148148,4.301655555555556,5.215300000000001,2.1277407407407405,45.51851851851852,34.51851851851852,61.44444444444444,0.0,0.0,U,45.0,medium,10.0,56.23,43.7841666667
UWKD,414,0.0,0.0,0.0,b'\x00\x00\x00\x00\x01\x01\x00\x00\x00\xeb\x97\x05[\xb0\xcdK@(\xb9h$\xe0\xa3H@',3.0,12.013748148148148,4.301655555555556,5.215300000000001,2.1277407407407405,45.51851851851852,34.51851851851852,61.44444444444444,0.0,0.0,U,45.0,medium,10.0,55.60694444439999,49.280277777799995
UWOO,387,0.0,0.0,0.0,b'\x00\x00\x00\x00\x01\x01\x00\x00\x00\xf6(\\\x8f\xc2\xe5I@W\x98\xaa\xaa\xaa\xbaK@',5.0,12.013748148148148,4.301655555555556,5.215300000000001,2.1277407407407405,45.51851851851852,34.51851851851852,61.44444444444444,0.0,0.0,U,45.0,medium,10.0,51.795,55.4583333333
UWSS,499,0.0,0.0,0.0,"b'\x00\x00\x00\x00\x01\x01\x00\x00\x00\xb8\x1e\x85\xebQ\xc8I@\x19\xa5_,\xf9\x05G@'",3.0,12.013748148148148,4.301655555555556,5.215300000000001,2.1277407407407405,45.51851851851852,34.51851851851852,61.44444444444444,0.0,0.0,U,45.0,medium,10.0,51.565,46.0466666667
UWUU,449,0.0,0.0,0.0,b'\x00\x00\x00\x00\x01\x01\x00\x00\x00\xfb\x1ft\xda@GK@\x00\x00\x00\x00\x00\xf0K@',5.0,12.013748148148148,4.301655555555556,5.215300000000001,2.1277407407407405,45.51851851851852,34.51851851851852,61.44444444444444,0.0,0.0,U,45.0,medium,10.0,54.5566666667,55.875
UWWW,476,0.0,0.0,0.0,b'\x00\x00\x00\x00\x01\x01\x00\x00\x00\x00\x00\x00\x00\x00\xc0J@\xa4p=\n\xd7\x13I@',4.0,12.013748148148148,4.301655555555556,5.215300000000001,2.1277407407407405,45.51851851851852,34.51851851851852,61.44444444444444,0.0,0.0,U,45.0,medium,10.0,53.5,50.155
VABB,0,0.0,0.0,0.0,"b'\x00\x00\x00\x00\x01\x01\x00\x00\x00\x01\xe9s\xda@\x173@,LUUU5R@'",6.0,12.013748148148148,4.301655555555556,5.215300000000001,2.1277407407407405,133.0,30.0,168.0,0.0,0.0,V,45.0,medium,10.0,19.0908333333,72.8333333333
VCBI,0,0.0,0.0,0.0,b'\x00\x00\x00\x00\x01\x01\x00\x00\x00\x073\xd4\x06:\xad\x1c@&l\xc9/\x96\xf8S@',6.0,12.013748148148148,4.301655555555556,5.215300000000001,2.1277407407407405,45.51851851851852,34.51851851851852,61.44444444444444,0.0,0.0,V,45.0,medium,10.0,7.1691666667,79.8841666667
VHHH,0,0.0,0.0,0.0,b'\x00\x00\x00\x00\x01\x01\x00\x00\x003y\x80o^M6@\x17\x9e\rt\xda\x8c\\@',8.0,12.013748148148148,4.301655555555556,5.215300000000001,2.1277407407407405,50.0,20.0,60.0,0.0,0.0,Z,45.0,medium,10.0,22.302222222199998,114.2008333333
VIDP,0,0.0,0.0,0.0,b'\x00\x00\x00\x00\x01\x01\x00\x00\x00\x15Qn\x7f\x90\x91<@~\x04t\xda@GS@',6.0,12.013748148148148,4.301655555555556,5.215300000000001,2.1277407407407405,149.0,90.0,168.0,0.0,0.0,V,45.0,medium,10.0,28.5686111111,77.1133333333
VOBL,0,0.0,0.0,0.0,b'\x00\x00\x00\x00\x01\x01\x00\x00\x00\x98\r\xff Ce*@\x12a\xa8\xec0mS@',6.0,12.013748148148148,4.301655555555556,5.215300000000001,2.1277407407407405,45.51851851851852,34.51851851851852,61.44444444444444,0.0,0.0,V,45.0,medium,12.0137,13.197777777799999,77.7061111111
VOMM,0,0.0,0.0,0.0,b'\x00\x00\x00\x00\x01\x01\x00\x00\x00\xc2;v\x98\xba\xfc)@\nz\xca\x0eS\x0bT@',6.0,12.013748148148148,4.301655555555556,5.215300000000001,2.1277407407407405,45.51851851851852,34.51851851851852,61.44444444444444,0.0,0.0,V,45.0,medium,10.0,12.993611111099998,80.1769444444
VRMM,0,0.0,0.0,0.0,b'\x00\x00\x00\x00\x01\x01\x00\x00\x00\xb7\x92\xear\xfb\xc3\x10@3\x90\x0c\x95\x1dbR@',5.0,12.013748148148148,4.301655555555556,5.215300000000001,2.1277407407407405,45.51851851851852,34.51851851851852,61.44444444444444,0.0,0.0,V,45.0,medium,10.0,4.1913888889,73.5330555556
VTBS,5,0.0,0.0,0.0,"b""\x00\x00\x00\x00\x01\x01\x00\x00\x00\xc2;v\x98\xba\\+@a\xcc'}\xd2/Y@""",7.0,12.013748148148148,4.301655555555556,5.215300000000001,2.1277407407407405,75.0,75.0,75.0,0.0,0.0,V,45.0,medium,12.0137,13.681111111099998,100.7472222222
VVNB,0,0.0,0.0,0.0,b'\x00\x00\x00\x00\x01\x01\x00\x00\x00\x9a\x99\x99\x99\x9995@Y\x9f\xfcb\xc9sZ@',7.0,12.013748148148148,4.301655555555556,5.215300000000001,2.1277407407407405,45.51851851851852,34.51851851851852,61.44444444444444,0.0,0.0,V,45.0,medium,10.0,21.225,105.8091666667
VVTS,0,0.0,0.0,0.0,"b'\x00\x00\x00\x00\x01\x01\x00\x00\x00pk""""""\xa2%@\x9a\x99\x99\x99\x99\xa9Z@'",7.0,12.013748148148148,4.301655555555556,5.215300000000001,2.1277407407407405,45.51851851851852,34.51851851851852,61.44444444444444,0.0,0.0,V,45.0,medium,10.0,10.816666666700002,106.65
WIII,0,0.0,0.0,0.0,b'\x00\x00\x00\x00\x01\x01\x00\x00\x00\x00\x00\x00\x00\x00\x80\x18\xc0dv\xa0\xd3\x06\xaaZ@',7.0,12.013748148148148,4.301655555555556,5.215300000000001,2.1277407407407405,45.51851851851852,34.51851851851852,61.44444444444444,0.0,0.0,V,45.0,medium,10.0,-6.125,106.6566666667
WMKK,0,0.0,0.0,0.0,b'\x00\x00\x00\x00\x01\x01\x00\x00\x00\xbef$\xbfX\xf2\x05@\xf5\x855\xf1\xaclY@',8.0,12.013748148148148,4.301655555555556,5.215300000000001,2.1277407407407405,45.51851851851852,34.51851851851852,61.44444444444444,0.0,0.0,V,45.0,medium,10.0,2.7433333333,101.69805555559999
WSSS,0,0.0,0.0,0.0,b'\x00\x00\x00\x00\x01\x01\x00\x00\x00\xcd\xcc\xcc\xcc\xcc\xcc\xf4?33333\xf3Y@',8.0,12.013748148148148,4.301655555555556,5.215300000000001,2.1277407407407405,50.0,20.0,60.0,0.0,0.0,V,45.0,medium,10.0,1.3,103.8
ZBAA,0,0.0,0.0,0.0,b'\x00\x00\x00\x00\x01\x01\x00\x00\x00\xdc\x9a\x88\x88\x88\x08D@fffff&]@',8.0,12.013748148148148,4.301655555555556,5.215300000000001,2.1277407407407405,121.0,103.0,127.0,0.0,0.0,Z,45.0,medium,10.0,40.0666666667,116.6
ZGGG,0,0.0,0.0,0.0,"b'\x00\x00\x00\x00\x01\x01\x00\x00\x00{\xfd!""""""7@,LUUUU\\@'",8.0,12.013748148148148,4.301655555555556,5.215300000000001,2.1277407407407405,45.51851851851852,34.51851851851852,61.44444444444444,0.0,0.0,Z,45.0,medium,10.0,23.133333333299998,113.3333333333
ZSPD,0,0.0,0.0,0.0,"b'\x00\x00\x00\x00\x01\x01\x00\x00\x00{\xfd!""""""?@\xf8\x18""""""r^@'",8.0,12.013748148148148,4.301655555555556,5.215300000000001,2.1277407407407405,118.0,112.0,120.0,0.0,0.0,Z,45.0,medium,10.0,31.133333333299998,121.78333333329999
ZUUU,0,0.0,0.0,0.0,b'\x00\x00\x00\x00\x01\x01\x00\x00\x00\x14\xaeG\xe1z\x94>@\xbb\x0eK~\xb1\xfcY@',8.0,12.013748148148148,4.301655555555556,5.215300000000001,2.1277407407407405,45.51851851851852,34.51851851851852,61.44444444444444,0.0,0.0,Z,45.0,medium,10.0,30.58,103.9483333333
ZWWW,0,0.0,0.0,0.0,b'\x00\x00\x00\x00\x01\x01\x00\x00\x00\x0f\xce\xbb\xbb\xbb\xdbE@_\x7f\x88\x88\x88\xe8U@',8.0,12.013748148148148,4.301655555555556,5.215300000000001,2.1277407407407405,45.51851851851852,34.51851851851852,61.44444444444444,0.0,0.0,Z,45.0,medium,10.0,43.7166666667,87.6333333333
ZYTX,0,0.0,0.0,0.0,b'\x00\x00\x00\x00\x01\x01\x00\x00\x00\xcd\x12\x1a\t\xf8\xeeD@\xcd\xcc\xcc\xcc\xcc\xdc^@',8.0,12.013748148148148,4.301655555555556,5.215300000000001,2.1277407407407405,45.51851851851852,34.51851851851852,61.44444444444444,0.0,0.0,Z,45.0,medium,10.0,41.8669444444,123.45
